{"stats":{"minecraft:killed_by":{"iceandfire:cyclops":10,"minecraft:creeper":2,"enemyexpansion:slugger":1,"iceandfire:sea_serpent":4,"irons_spellbooks:citadel_keeper":1,"alexsmobs:crocodile":1,"artifacts:mimic":1,"minecraft:zombie":1,"mythicmounts:dragon":1,"iceandfire:fire_dragon":1,"enemyexpansion:invisicreeper":2,"minecraft:husk":2,"minecraft:player":1,"enemyexpansion:trollenraged":1,"irons_spellbooks:necromancer":1,"minecraft:skeleton":6,"irons_spellbooks:archevoker":7,"enemyexpansion:troll":2,"twilightforest:redcap":2},"minecraft:crafted":{"minecraft:oak_planks":264,"minecraft:smooth_stone":6,"minecraft:cooked_chicken":16,"minecraft:stone":13,"iceandfire:tide_teal_chestplate":1,"quark:deepslate_furnace":1,"minecraft:bookshelf":18,"minecraft:cooked_mutton":16,"minecraft:iron_boots":1,"minecraft:cooked_rabbit":4,"sophisticatedbackpacks:backpack":3,"minecraft:cooked_porkchop":72,"minecraft:crafting_table":4,"minecraft:wooden_pickaxe":1,"minecraft:baked_potato":26,"minecraft:iron_helmet":2,"minecraft:copper_ingot":88,"minecraft:birch_planks":24,"minecraft:wooden_hoe":1,"minecraft:iron_chestplate":2,"minecraft:shield":4,"minecraft:stick":20,"quark:oak_chest":7,"minecraft:iron_ingot":447,"minecraft:iron_pickaxe":2,"minecraft:gold_ingot":75,"minecraft:furnace":3,"minecraft:blast_furnace":2,"minecraft:bone_meal":3,"minecraft:stone_pickaxe":1,"minecraft:wheat":396,"minecraft:cooked_beef":33,"minecraft:cooked_cod":3,"minecraft:dried_kelp":53,"minecraft:iron_sword":1,"minecraft:bucket":1,"minecraft:stone_axe":1,"minecraft:bread":132,"minecraft:air":0,"minecraft:iron_leggings":3,"minecraft:white_bed":1,"minecraft:torch":12},"minecraft:used":{"minecraft:shield":87,"minecraft:iron_sword":332,"minecraft:iron_helmet":1,"minecraft:furnace":3,"minecraft:cooked_cod":3,"minecraft:egg":3,"minecraft:stone_pickaxe":131,"minecraft:oak_planks":372,"minecraft:wooden_pickaxe":9,"minecraft:diamond_axe":28,"minecraft:glow_berries":15,"minecraft:sand":1,"minecraft:blast_furnace":4,"minecraft:crossbow":60,"sophisticatedbackpacks:backpack":1,"minecraft:bread":51,"tombstone:grave_key":7,"minecraft:diamond_sword":362,"minecraft:cooked_rabbit":1,"minecraft:bone_meal":3,"minecraft:experience_bottle":6,"minecraft:tropical_fish":1,"minecraft:dried_kelp":53,"minecraft:cooked_chicken":5,"minecraft:torch":18,"minecraft:dirt":7,"tombstone:gift":6,"minecraft:cooked_beef":11,"minecraft:light_gray_bed":1,"minecraft:wheat_seeds":1,"minecraft:cooked_mutton":5,"minecraft:water_bucket":3,"minecraft:birch_planks":19,"minecraft:baked_potato":26,"minecraft:crafting_table":8,"minecraft:white_bed":3,"minecraft:smoker":4,"tombstone:bag_of_seeds":2,"minecraft:oak_log":1,"minecraft:wooden_hoe":1,"minecraft:diamond_pickaxe":31,"minecraft:iron_pickaxe":1239,"minecraft:yellow_wool":1,"minecraft:stone_axe":165,"minecraft:bucket":4,"quark:oak_chest":4,"enemyexpansion:horsehead_helmet":2},"minecraft:dropped":{"minecraft:oak_log":28,"minecraft:ender_pearl":2,"minecraft:diamond":1,"minecraft:cooked_porkchop":3,"minecraft:crossbow":1,"minecraft:saddle":1,"minecraft:dirt":91,"minecraft:cornflower":1,"irons_spellbooks:arcane_essence":1,"minecraft:iron_pickaxe":2,"minecraft:white_wool":2,"minecraft:bone":2,"minecraft:gravel":1,"minecraft:cooked_chicken":13,"minecraft:cobbled_deepslate":9,"minecraft:rotten_flesh":4,"minecraft:glowstone_dust":16,"minecraft:cooked_mutton":21,"minecraft:gunpowder":2,"doggytalents:rice_grains":4,"biomesoplenty:tall_lavender":5,"minecraft:egg":2,"minecraft:water_bucket":1,"minecraft:iron_ingot":61,"minecraft:wheat_seeds":6,"twilightforest:canopy_sapling":1,"minecraft:bookshelf":18,"biomesoplenty:lavender":2,"ae2:sky_stone_block":10,"undergarden:gloomgourd_seeds":1,"iceandfire:cyclops_eye":1,"minecraft:coal":120,"tombstone:grave_key":1,"minecraft:iron_shovel":1,"minecraft:string":8,"minecraft:bucket":1,"minecraft:furnace":1,"twilightforest:raw_venison":3,"sophisticatedbackpacks:backpack":2,"minecraft:torchflower_seeds":4,"minecraft:lily_of_the_valley":1,"minecraft:diamond_sword":2,"minecraft:shield":2,"minecraft:diamond_pickaxe":1,"minecraft:bow":2,"minecraft:cooked_rabbit":3},"minecraft:mined":{"minecraft:white_bed":2,"irons_spellbooks:armor_pile":1,"minecraft:granite":2,"minecraft:grass_block":14,"ae2:quartz_cluster":1,"minecraft:light_gray_bed":1,"minecraft:coal_block":2,"biomesoplenty:tall_lavender":5,"minecraft:glowstone":7,"minecraft:iron_ore":272,"biomesoplenty:lavender":44,"minecraft:small_amethyst_bud":1,"biomesoplenty:jacaranda_leaves":2,"minecraft:kelp_plant":3,"minecraft:smoker":3,"minecraft:torch":2,"minecraft:blast_furnace":2,"minecraft:poppy":1,"minecraft:glass":1,"minecraft:cobblestone":1,"minecraft:oak_planks":46,"minecraft:wall_torch":6,"minecraft:dark_oak_slab":1,"minecraft:birch_log":6,"minecraft:lilac":1,"minecraft:smooth_stone_slab":1,"ae2:flawed_budding_quartz":1,"minecraft:grass":126,"minecraft:oak_log":94,"minecraft:sand":1,"minecraft:dirt":20,"minecraft:oak_leaves":11,"minecraft:deepslate":3,"minecraft:crying_obsidian":2,"minecraft:mossy_cobblestone":4,"minecraft:hay_block":44,"minecraft:furnace":1,"minecraft:andesite":4,"ae2:mysterious_cube":1,"minecraft:gold_block":6,"minecraft:bookshelf":18,"biomesoplenty:high_grass":4,"minecraft:deepslate_iron_ore":45,"minecraft:rail":1,"minecraft:bamboo":1,"ae2:sky_stone_block":14,"minecraft:stone":267,"minecraft:bone_block":82,"minecraft:lily_of_the_valley":1,"minecraft:crafting_table":2,"minecraft:cornflower":1,"biomesoplenty:high_grass_plant":19,"minecraft:tall_grass":19,"minecraft:copper_ore":19,"twilightforest:mayapple":3,"minecraft:birch_planks":3,"minecraft:coal_ore":642,"minecraft:cobweb":13},"minecraft:killed":{"twilightforest:boar":12,"minecraft:spider":2,"enemyexpansion:equestrian":1,"dungeonsmod:piranha":1,"minecraft:cod":4,"minecraft:skeleton":18,"minecraft:chicken":18,"majruszsdifficulty:creeperling":1,"minecraft:silverfish":3,"minecraft:pig":10,"minecraft:creeper":1,"minecraft:sheep":8,"enemyexpansion:meature":1,"minecraft:goat":3,"minecraft:zombie":14,"enemyexpansion:botfly":2,"minecraft:cow":13,"iceandfire:sea_serpent":3,"twilightforest:deer":5,"irons_spellbooks:summoned_zombie":3,"alexsmobs:raccoon":1,"twilightforest:dwarf_rabbit":2,"enemyexpansion:direwolf":6,"twilightforest:swarm_spider":4,"iceandfire:cyclops":1,"minecraft:rabbit":2,"enemyexpansion:sprinter":3,"majruszsdifficulty:cursed_armor":1,"twilightforest:bighorn_sheep":5,"enemyexpansion:slugger":1},"minecraft:picked_up":{"irons_spellbooks:scroll":1,"minecraft:wheat":1,"minecraft:chainmail_boots":1,"minecraft:yellow_wool":2,"minecraft:lead":1,"minecraft:diamond_sword":4,"tombstone:grave_key":1,"minecraft:string":24,"minecraft:raw_copper":67,"iceandfire:sea_serpent_scales_teal":9,"minecraft:smooth_stone_slab":1,"biomesoplenty:tall_lavender":5,"minecraft:cobbled_deepslate":12,"minecraft:iron_pickaxe":2,"minecraft:coal_block":2,"minecraft:furnace":1,"minecraft:stick":29,"twilightforest:cooked_venison":3,"minecraft:torch":11,"minecraft:porkchop":47,"tombstone:grave_dust":7,"minecraft:diorite":2,"ae2:sky_stone_block":10,"minecraft:light_gray_bed":1,"minecraft:rotten_flesh":20,"minecraft:tropical_fish":1,"minecraft:cod":3,"minecraft:cobblestone":258,"biomesoplenty:lavender":50,"minecraft:birch_log":6,"minecraft:feather":23,"minecraft:lilac":1,"minecraft:water_bucket":1,"minecraft:andesite":4,"minecraft:smoker":4,"minecraft:dirt":39,"twilightforest:canopy_sapling":1,"minecraft:bone":15,"minecraft:bow":2,"minecraft:wheat_seeds":15,"ae2:logic_processor_press":1,"minecraft:rabbit":4,"minecraft:glowstone_dust":25,"minecraft:oak_planks":529,"minecraft:cooked_porkchop":9,"ae2:certus_quartz_crystal":4,"minecraft:sand":1,"minecraft:ink_sac":2,"minecraft:lily_of_the_valley":1,"ae2:quartz_block":1,"minecraft:trapped_chest":1,"minecraft:mossy_cobblestone":4,"minecraft:diamond":1,"ae2:chipped_budding_quartz":2,"waystones:waystone":1,"minecraft:granite":15,"minecraft:oak_sapling":46,"minecraft:diamond_pickaxe":2,"minecraft:charcoal":2,"minecraft:crafting_table":4,"minecraft:chicken":16,"minecraft:gold_block":7,"ae2:silicon_press":1,"minecraft:shield":2,"minecraft:cornflower":1,"minecraft:item_frame":1,"minecraft:iron_shovel":1,"minecraft:beef":26,"minecraft:birch_sapling":2,"minecraft:egg":6,"minecraft:raw_iron":313,"minecraft:stone":2,"iceandfire:cyclops_eye":2,"minecraft:arrow":20,"minecraft:hay_block":44,"minecraft:gold_ingot":6,"ae2:calculation_processor_press":1,"minecraft:mutton":16,"minecraft:rail":1,"minecraft:white_wool":13,"minecraft:bone_block":82,"enemyexpansion:horsehead_helmet":1,"iceandfire:sea_serpent_fang":25,"minecraft:glow_ink_sac":6,"minecraft:leather":27,"doggytalents:rice_grains":15,"minecraft:birch_planks":3,"minecraft:oak_log":95,"minecraft:gunpowder":11,"minecraft:cooked_mutton":13,"twilightforest:raw_venison":3,"minecraft:apple":4,"minecraft:kelp":6,"minecraft:rabbit_hide":3,"minecraft:cooked_chicken":2,"tombstone:bag_of_seeds":1,"minecraft:glass_bottle":3,"iceandfire:sea_serpent_scales_deepblue":7,"minecraft:book":54,"minecraft:gravel":1,"minecraft:blast_furnace":2,"minecraft:white_bed":2,"minecraft:crying_obsidian":2,"minecraft:spider_eye":2,"ae2:engineering_processor_press":1,"tombstone:magic_scroll":2,"minecraft:coal":654},"minecraft:broken":{"minecraft:iron_boots":2,"minecraft:iron_leggings":2,"minecraft:stone_pickaxe":1,"minecraft:stone_axe":1,"minecraft:iron_sword":1,"minecraft:shield":3,"minecraft:iron_pickaxe":4,"minecraft:iron_helmet":2},"minecraft:custom":{"minecraft:interact_with_crafting_table":59,"minecraft:open_barrel":27,"minecraft:leave_game":5,"minecraft:time_since_death":53841,"minecraft:sprint_one_cm":1858087,"minecraft:damage_blocked_by_shield":9563,"minecraft:drop":61,"minecraft:talked_to_villager":1,"minecraft:play_time":410839,"minecraft:deaths":50,"minecraft:jump":4799,"minecraft:walk_on_water_one_cm":66516,"minecraft:enchant_item":1,"minecraft:interact_with_furnace":154,"minecraft:sleep_in_bed":15,"minecraft:waystone_activated":4,"minecraft:damage_dealt":19586,"minecraft:player_kills":1,"minecraft:crouch_one_cm":12885,"tombstone:undead_killed":41,"minecraft:interact_with_smoker":62,"minecraft:interact_with_smithing_table":1,"minecraft:mob_kills":156,"minecraft:climb_one_cm":5143,"minecraft:walk_one_cm":1187085,"minecraft:sneak_time":4497,"minecraft:walk_under_water_one_cm":87725,"minecraft:interact_with_blast_furnace":90,"minecraft:total_world_time":410839,"minecraft:time_since_rest":51442,"minecraft:damage_taken":22741,"minecraft:damage_absorbed":100,"minecraft:trigger_trapped_chest":3,"minecraft:swim_one_cm":186770,"minecraft:fly_one_cm":4203304,"minecraft:open_chest":214,"minecraft:fall_one_cm":139357}},"DataVersion":3465}