{"stats":{"minecraft:crafted":{"minecraft:smooth_stone":6,"minecraft:oak_planks":264,"minecraft:cooked_chicken":12,"minecraft:furnace":3,"minecraft:blast_furnace":2,"minecraft:stone":13,"iceandfire:tide_teal_chestplate":1,"minecraft:bone_meal":3,"quark:deepslate_furnace":1,"minecraft:bookshelf":18,"minecraft:cooked_mutton":16,"minecraft:iron_boots":1,"minecraft:stone_pickaxe":1,"minecraft:cooked_rabbit":2,"minecraft:wheat":396,"minecraft:cooked_beef":33,"minecraft:cooked_cod":3,"sophisticatedbackpacks:backpack":3,"minecraft:cooked_porkchop":40,"minecraft:crafting_table":3,"minecraft:dried_kelp":53,"minecraft:iron_helmet":2,"minecraft:wooden_pickaxe":1,"minecraft:baked_potato":26,"minecraft:iron_sword":1,"minecraft:bucket":1,"minecraft:birch_planks":24,"minecraft:stone_axe":1,"minecraft:bread":132,"minecraft:air":0,"minecraft:iron_chestplate":2,"minecraft:wooden_hoe":1,"minecraft:shield":4,"minecraft:stick":20,"quark:oak_chest":7,"minecraft:iron_ingot":122,"minecraft:iron_pickaxe":1,"minecraft:iron_leggings":3,"minecraft:gold_ingot":63,"minecraft:white_bed":1,"minecraft:torch":12},"minecraft:killed_by":{"minecraft:husk":2,"minecraft:player":1,"iceandfire:cyclops":10,"enemyexpansion:trollenraged":1,"minecraft:creeper":2,"enemyexpansion:slugger":1,"iceandfire:sea_serpent":4,"irons_spellbooks:citadel_keeper":1,"alexsmobs:crocodile":1,"irons_spellbooks:necromancer":1,"minecraft:skeleton":6,"minecraft:zombie":1,"artifacts:mimic":1,"irons_spellbooks:archevoker":7,"enemyexpansion:troll":2,"twilightforest:redcap":2,"mythicmounts:dragon":1,"iceandfire:fire_dragon":1,"enemyexpansion:invisicreeper":2},"minecraft:used":{"minecraft:tropical_fish":1,"minecraft:dried_kelp":53,"minecraft:shield":87,"minecraft:iron_sword":297,"minecraft:cooked_chicken":5,"minecraft:torch":16,"minecraft:dirt":7,"minecraft:iron_helmet":1,"minecraft:furnace":3,"minecraft:cooked_cod":3,"tombstone:gift":6,"minecraft:egg":3,"minecraft:cooked_beef":11,"minecraft:light_gray_bed":1,"minecraft:wheat_seeds":1,"minecraft:cooked_mutton":5,"minecraft:water_bucket":2,"minecraft:birch_planks":19,"minecraft:oak_planks":344,"minecraft:stone_pickaxe":131,"minecraft:baked_potato":26,"minecraft:wooden_pickaxe":9,"minecraft:diamond_axe":28,"minecraft:glow_berries":15,"minecraft:sand":1,"minecraft:crafting_table":7,"minecraft:blast_furnace":4,"minecraft:crossbow":60,"minecraft:white_bed":3,"minecraft:smoker":4,"minecraft:oak_log":1,"tombstone:bag_of_seeds":2,"minecraft:wooden_hoe":1,"sophisticatedbackpacks:backpack":1,"minecraft:diamond_pickaxe":27,"minecraft:bread":42,"minecraft:iron_pickaxe":592,"tombstone:grave_key":7,"minecraft:stone_axe":165,"minecraft:diamond_sword":277,"minecraft:cooked_rabbit":1,"minecraft:bucket":3,"quark:oak_chest":4,"enemyexpansion:horsehead_helmet":2,"minecraft:bone_meal":3},"minecraft:dropped":{"minecraft:water_bucket":1,"minecraft:iron_ingot":61,"minecraft:wheat_seeds":1,"minecraft:oak_log":28,"minecraft:ender_pearl":2,"minecraft:diamond":1,"minecraft:bookshelf":18,"ae2:sky_stone_block":10,"biomesoplenty:lavender":1,"minecraft:crossbow":1,"undergarden:gloomgourd_seeds":1,"minecraft:saddle":1,"iceandfire:cyclops_eye":1,"minecraft:coal":120,"minecraft:dirt":80,"tombstone:grave_key":1,"minecraft:cornflower":1,"irons_spellbooks:arcane_essence":1,"minecraft:iron_pickaxe":1,"minecraft:bucket":1,"minecraft:iron_shovel":1,"minecraft:white_wool":2,"minecraft:bone":2,"minecraft:gravel":1,"minecraft:furnace":1,"minecraft:cobbled_deepslate":9,"minecraft:rotten_flesh":3,"sophisticatedbackpacks:backpack":2,"minecraft:torchflower_seeds":4,"minecraft:diamond_sword":2,"minecraft:shield":2,"minecraft:gunpowder":2,"minecraft:diamond_pickaxe":1,"minecraft:bow":2,"minecraft:cooked_rabbit":1,"biomesoplenty:tall_lavender":5},"minecraft:mined":{"minecraft:crying_obsidian":2,"minecraft:white_bed":2,"minecraft:mossy_cobblestone":4,"irons_spellbooks:armor_pile":1,"minecraft:granite":2,"minecraft:grass_block":12,"ae2:quartz_cluster":1,"minecraft:light_gray_bed":1,"minecraft:coal_block":2,"minecraft:hay_block":44,"biomesoplenty:tall_lavender":5,"minecraft:glowstone":4,"minecraft:furnace":1,"minecraft:iron_ore":137,"biomesoplenty:lavender":44,"minecraft:andesite":4,"ae2:mysterious_cube":1,"minecraft:gold_block":6,"minecraft:bookshelf":18,"biomesoplenty:high_grass":4,"minecraft:deepslate_iron_ore":45,"minecraft:rail":1,"minecraft:small_amethyst_bud":1,"minecraft:bamboo":1,"ae2:sky_stone_block":14,"minecraft:stone":159,"minecraft:bone_block":82,"biomesoplenty:jacaranda_leaves":2,"minecraft:kelp_plant":3,"minecraft:smoker":3,"minecraft:cornflower":1,"minecraft:crafting_table":2,"minecraft:torch":2,"minecraft:blast_furnace":2,"minecraft:poppy":1,"biomesoplenty:high_grass_plant":19,"minecraft:glass":1,"minecraft:tall_grass":14,"minecraft:oak_planks":46,"minecraft:wall_torch":6,"minecraft:birch_planks":3,"minecraft:dark_oak_slab":1,"minecraft:birch_log":6,"minecraft:smooth_stone_slab":1,"ae2:flawed_budding_quartz":1,"minecraft:grass":84,"minecraft:oak_log":94,"minecraft:coal_ore":257,"minecraft:sand":1,"minecraft:dirt":10,"minecraft:cobweb":13,"minecraft:oak_leaves":11,"minecraft:deepslate":3},"minecraft:killed":{"irons_spellbooks:summoned_zombie":3,"enemyexpansion:equestrian":1,"alexsmobs:raccoon":1,"minecraft:spider":2,"dungeonsmod:piranha":1,"minecraft:cod":4,"enemyexpansion:direwolf":6,"minecraft:skeleton":18,"twilightforest:swarm_spider":2,"minecraft:chicken":13,"majruszsdifficulty:creeperling":1,"minecraft:silverfish":3,"minecraft:pig":10,"iceandfire:cyclops":1,"minecraft:rabbit":2,"enemyexpansion:sprinter":3,"majruszsdifficulty:cursed_armor":1,"minecraft:creeper":1,"minecraft:sheep":8,"enemyexpansion:meature":1,"minecraft:goat":3,"minecraft:zombie":14,"enemyexpansion:botfly":2,"iceandfire:sea_serpent":3,"minecraft:cow":13,"enemyexpansion:slugger":1},"minecraft:picked_up":{"irons_spellbooks:scroll":1,"minecraft:charcoal":2,"minecraft:crafting_table":4,"minecraft:wheat":1,"minecraft:chainmail_boots":1,"minecraft:chicken":12,"minecraft:yellow_wool":1,"minecraft:lead":1,"minecraft:diamond_sword":4,"minecraft:gold_block":7,"ae2:silicon_press":1,"tombstone:grave_key":1,"minecraft:shield":2,"minecraft:cornflower":1,"minecraft:string":18,"iceandfire:sea_serpent_scales_teal":9,"minecraft:smooth_stone_slab":1,"minecraft:item_frame":1,"biomesoplenty:tall_lavender":5,"minecraft:iron_shovel":1,"minecraft:cobbled_deepslate":12,"minecraft:beef":26,"minecraft:iron_pickaxe":1,"minecraft:coal_block":2,"minecraft:birch_sapling":2,"minecraft:furnace":1,"minecraft:egg":3,"minecraft:raw_iron":181,"minecraft:stick":29,"minecraft:stone":2,"minecraft:torch":11,"minecraft:porkchop":20,"tombstone:grave_dust":7,"minecraft:diorite":2,"ae2:sky_stone_block":10,"minecraft:arrow":20,"minecraft:light_gray_bed":1,"iceandfire:cyclops_eye":2,"minecraft:rotten_flesh":20,"minecraft:tropical_fish":1,"minecraft:hay_block":44,"minecraft:gold_ingot":6,"ae2:calculation_processor_press":1,"minecraft:mutton":16,"minecraft:bone_block":82,"minecraft:cod":3,"minecraft:white_wool":13,"minecraft:rail":1,"minecraft:cobblestone":160,"biomesoplenty:lavender":50,"minecraft:birch_log":6,"minecraft:feather":19,"enemyexpansion:horsehead_helmet":1,"iceandfire:sea_serpent_fang":25,"minecraft:water_bucket":1,"minecraft:glow_ink_sac":6,"minecraft:andesite":4,"minecraft:leather":23,"minecraft:birch_planks":3,"minecraft:smoker":4,"doggytalents:rice_grains":12,"minecraft:oak_log":95,"minecraft:gunpowder":11,"minecraft:dirt":27,"twilightforest:canopy_sapling":1,"minecraft:cooked_mutton":7,"minecraft:bone":15,"minecraft:apple":4,"minecraft:kelp":6,"minecraft:bow":2,"minecraft:wheat_seeds":10,"minecraft:rabbit_hide":1,"minecraft:cooked_chicken":1,"ae2:logic_processor_press":1,"tombstone:bag_of_seeds":1,"minecraft:glowstone_dust":16,"minecraft:rabbit":2,"minecraft:glass_bottle":3,"minecraft:oak_planks":529,"iceandfire:sea_serpent_scales_deepblue":7,"minecraft:book":54,"ae2:certus_quartz_crystal":4,"minecraft:gravel":1,"minecraft:sand":1,"minecraft:blast_furnace":2,"minecraft:ink_sac":2,"minecraft:crying_obsidian":2,"minecraft:white_bed":2,"minecraft:trapped_chest":1,"ae2:quartz_block":1,"minecraft:spider_eye":1,"minecraft:mossy_cobblestone":4,"minecraft:diamond":1,"ae2:chipped_budding_quartz":2,"waystones:waystone":1,"minecraft:granite":15,"ae2:engineering_processor_press":1,"tombstone:magic_scroll":2,"minecraft:oak_sapling":46,"minecraft:coal":273,"minecraft:diamond_pickaxe":2},"minecraft:broken":{"minecraft:iron_boots":2,"minecraft:iron_leggings":2,"minecraft:stone_pickaxe":1,"minecraft:shield":3,"minecraft:stone_axe":1,"minecraft:iron_sword":1,"minecraft:iron_pickaxe":1,"minecraft:iron_helmet":2},"minecraft:custom":{"minecraft:interact_with_smithing_table":1,"minecraft:mob_kills":121,"minecraft:interact_with_crafting_table":57,"minecraft:open_barrel":27,"minecraft:leave_game":4,"minecraft:time_since_death":8252,"minecraft:climb_one_cm":5143,"minecraft:sprint_one_cm":1592691,"minecraft:walk_one_cm":1053146,"minecraft:damage_blocked_by_shield":9563,"minecraft:drop":45,"minecraft:talked_to_villager":1,"minecraft:play_time":365250,"minecraft:deaths":50,"minecraft:sneak_time":4378,"minecraft:walk_under_water_one_cm":80015,"minecraft:jump":4493,"minecraft:interact_with_blast_furnace":19,"minecraft:walk_on_water_one_cm":66175,"minecraft:total_world_time":365250,"minecraft:interact_with_furnace":86,"minecraft:sleep_in_bed":15,"minecraft:time_since_rest":5853,"minecraft:waystone_activated":3,"minecraft:damage_taken":22657,"minecraft:damage_absorbed":100,"minecraft:trigger_trapped_chest":3,"minecraft:damage_dealt":16922,"minecraft:player_kills":1,"minecraft:fly_one_cm":4167772,"minecraft:swim_one_cm":182299,"minecraft:open_chest":212,"minecraft:crouch_one_cm":12400,"tombstone:undead_killed":41,"minecraft:interact_with_smoker":45,"minecraft:fall_one_cm":136845}},"DataVersion":3465}