{"stats":{"minecraft:used":{"minecraft:tropical_fish":1,"minecraft:dried_kelp":53,"minecraft:shield":69,"minecraft:iron_sword":297,"minecraft:cooked_chicken":5,"minecraft:torch":16,"minecraft:dirt":1,"minecraft:furnace":3,"minecraft:cooked_cod":3,"tombstone:gift":6,"minecraft:egg":3,"minecraft:cooked_beef":11,"minecraft:light_gray_bed":1,"minecraft:wheat_seeds":1,"minecraft:cooked_mutton":5,"minecraft:baked_potato":26,"minecraft:birch_planks":19,"minecraft:stone_pickaxe":131,"minecraft:oak_planks":270,"minecraft:wooden_pickaxe":9,"minecraft:glow_berries":15,"minecraft:sand":1,"minecraft:crafting_table":5,"minecraft:blast_furnace":4,"minecraft:crossbow":31,"minecraft:smoker":4,"minecraft:oak_log":1,"minecraft:wooden_hoe":1,"sophisticatedbackpacks:backpack":1,"minecraft:diamond_pickaxe":18,"minecraft:bread":8,"minecraft:iron_pickaxe":457,"minecraft:stone_axe":165,"minecraft:diamond_sword":110,"minecraft:cooked_rabbit":1,"minecraft:bucket":1,"quark:oak_chest":4,"minecraft:bone_meal":3},"minecraft:custom":{"minecraft:interact_with_smithing_table":1,"minecraft:mob_kills":88,"minecraft:interact_with_crafting_table":50,"minecraft:open_barrel":26,"minecraft:leave_game":1,"minecraft:time_since_death":23214,"minecraft:climb_one_cm":5143,"minecraft:sprint_one_cm":1091371,"minecraft:walk_one_cm":779312,"minecraft:damage_blocked_by_shield":7613,"minecraft:drop":16,"minecraft:talked_to_villager":1,"minecraft:play_time":260352,"minecraft:sneak_time":2701,"minecraft:deaths":27,"minecraft:walk_under_water_one_cm":58794,"minecraft:jump":3230,"minecraft:interact_with_blast_furnace":15,"minecraft:walk_on_water_one_cm":56218,"minecraft:total_world_time":260352,"minecraft:interact_with_furnace":81,"minecraft:sleep_in_bed":8,"minecraft:time_since_rest":21922,"minecraft:waystone_activated":3,"minecraft:damage_taken":12003,"minecraft:damage_absorbed":100,"minecraft:trigger_trapped_chest":3,"minecraft:damage_dealt":11193,"minecraft:swim_one_cm":86620,"minecraft:fly_one_cm":470739,"minecraft:open_chest":149,"minecraft:crouch_one_cm":8280,"tombstone:undead_killed":28,"minecraft:interact_with_smoker":33,"minecraft:fall_one_cm":88432},"minecraft:broken":{"minecraft:iron_boots":1,"minecraft:iron_leggings":1,"minecraft:stone_pickaxe":1,"minecraft:shield":2,"minecraft:stone_axe":1,"minecraft:iron_sword":1,"minecraft:iron_pickaxe":1,"minecraft:iron_helmet":1},"minecraft:killed":{"alexsmobs:raccoon":1,"minecraft:spider":2,"dungeonsmod:piranha":1,"minecraft:cod":4,"enemyexpansion:direwolf":5,"minecraft:skeleton":14,"minecraft:chicken":5,"minecraft:silverfish":3,"minecraft:pig":10,"minecraft:rabbit":2,"enemyexpansion:sprinter":2,"minecraft:sheep":8,"minecraft:goat":1,"minecraft:zombie":12,"enemyexpansion:botfly":2,"iceandfire:sea_serpent":2,"minecraft:cow":12},"minecraft:crafted":{"minecraft:smooth_stone":6,"minecraft:oak_planks":264,"minecraft:cooked_chicken":4,"minecraft:furnace":3,"minecraft:blast_furnace":2,"minecraft:stone":13,"iceandfire:tide_teal_chestplate":1,"minecraft:bone_meal":3,"quark:deepslate_furnace":1,"minecraft:bookshelf":18,"minecraft:cooked_mutton":7,"minecraft:iron_boots":1,"minecraft:stone_pickaxe":1,"minecraft:cooked_rabbit":2,"minecraft:wheat":396,"minecraft:cooked_beef":30,"minecraft:cooked_cod":3,"sophisticatedbackpacks:backpack":3,"minecraft:cooked_porkchop":37,"minecraft:crafting_table":2,"minecraft:dried_kelp":53,"minecraft:baked_potato":26,"minecraft:wooden_pickaxe":1,"minecraft:iron_helmet":2,"minecraft:iron_sword":1,"minecraft:bucket":1,"minecraft:birch_planks":24,"minecraft:stone_axe":1,"minecraft:bread":132,"minecraft:air":0,"minecraft:iron_chestplate":2,"minecraft:wooden_hoe":1,"minecraft:shield":3,"minecraft:stick":20,"minecraft:iron_pickaxe":1,"quark:oak_chest":7,"minecraft:iron_ingot":122,"minecraft:gold_ingot":63,"minecraft:iron_leggings":2,"minecraft:torch":12},"minecraft:killed_by":{"iceandfire:cyclops":5,"enemyexpansion:trollenraged":1,"minecraft:creeper":1,"iceandfire:sea_serpent":1,"irons_spellbooks:citadel_keeper":1,"minecraft:skeleton":4,"artifacts:mimic":1,"irons_spellbooks:archevoker":7,"enemyexpansion:troll":1,"enemyexpansion:invisicreeper":2},"minecraft:dropped":{"minecraft:iron_ingot":61,"minecraft:oak_log":28,"minecraft:crossbow":1,"minecraft:saddle":1,"iceandfire:cyclops_eye":1,"minecraft:coal":120,"minecraft:white_wool":2,"minecraft:gravel":1,"minecraft:furnace":1,"sophisticatedbackpacks:backpack":2,"minecraft:diamond_pickaxe":1,"minecraft:cooked_rabbit":1},"minecraft:picked_up":{"irons_spellbooks:scroll":1,"minecraft:charcoal":2,"minecraft:crafting_table":3,"minecraft:wheat":1,"minecraft:chainmail_boots":1,"minecraft:chicken":4,"minecraft:yellow_wool":1,"minecraft:lead":1,"minecraft:diamond_sword":2,"minecraft:gold_block":7,"ae2:silicon_press":1,"minecraft:shield":1,"minecraft:string":16,"iceandfire:sea_serpent_scales_teal":9,"minecraft:smooth_stone_slab":1,"minecraft:item_frame":1,"minecraft:cobbled_deepslate":3,"minecraft:beef":23,"minecraft:iron_pickaxe":1,"minecraft:birch_sapling":2,"minecraft:furnace":1,"minecraft:egg":3,"minecraft:stick":29,"minecraft:raw_iron":150,"minecraft:stone":2,"minecraft:torch":10,"minecraft:porkchop":20,"tombstone:grave_dust":6,"minecraft:diorite":2,"ae2:sky_stone_block":10,"minecraft:light_gray_bed":1,"minecraft:arrow":18,"iceandfire:cyclops_eye":2,"minecraft:rotten_flesh":14,"minecraft:tropical_fish":1,"minecraft:hay_block":44,"minecraft:gold_ingot":6,"ae2:calculation_processor_press":1,"minecraft:mutton":16,"minecraft:bone_block":82,"minecraft:cod":3,"minecraft:white_wool":8,"minecraft:rail":1,"minecraft:cobblestone":75,"biomesoplenty:lavender":48,"minecraft:birch_log":6,"minecraft:feather":12,"iceandfire:sea_serpent_fang":2,"minecraft:glow_ink_sac":6,"minecraft:andesite":4,"minecraft:leather":13,"minecraft:birch_planks":3,"minecraft:smoker":4,"doggytalents:rice_grains":11,"minecraft:oak_log":95,"minecraft:gunpowder":9,"minecraft:dirt":10,"minecraft:cooked_mutton":7,"minecraft:bone":12,"minecraft:apple":4,"minecraft:kelp":6,"minecraft:wheat_seeds":10,"minecraft:rabbit_hide":1,"minecraft:cooked_chicken":1,"ae2:logic_processor_press":1,"minecraft:rabbit":2,"minecraft:glass_bottle":3,"minecraft:oak_planks":513,"minecraft:book":54,"ae2:certus_quartz_crystal":4,"minecraft:gravel":1,"minecraft:sand":1,"minecraft:blast_furnace":2,"minecraft:ink_sac":2,"minecraft:trapped_chest":1,"ae2:quartz_block":1,"minecraft:spider_eye":1,"minecraft:mossy_cobblestone":4,"minecraft:diamond":1,"ae2:chipped_budding_quartz":2,"waystones:waystone":1,"minecraft:granite":15,"ae2:engineering_processor_press":1,"tombstone:magic_scroll":2,"minecraft:oak_sapling":46,"minecraft:coal":269,"minecraft:diamond_pickaxe":2},"minecraft:mined":{"minecraft:mossy_cobblestone":4,"irons_spellbooks:armor_pile":1,"minecraft:granite":2,"minecraft:grass_block":8,"ae2:quartz_cluster":1,"minecraft:light_gray_bed":1,"minecraft:hay_block":44,"biomesoplenty:tall_lavender":1,"minecraft:furnace":1,"minecraft:iron_ore":106,"biomesoplenty:lavender":38,"minecraft:andesite":4,"ae2:mysterious_cube":1,"minecraft:gold_block":6,"minecraft:bookshelf":18,"biomesoplenty:high_grass":4,"minecraft:deepslate_iron_ore":45,"minecraft:rail":1,"minecraft:bamboo":1,"ae2:sky_stone_block":14,"minecraft:stone":72,"minecraft:bone_block":82,"minecraft:kelp_plant":3,"minecraft:smoker":3,"minecraft:crafting_table":2,"minecraft:torch":2,"minecraft:blast_furnace":2,"biomesoplenty:high_grass_plant":19,"minecraft:tall_grass":7,"minecraft:oak_planks":18,"minecraft:wall_torch":6,"minecraft:birch_planks":3,"minecraft:dark_oak_slab":1,"minecraft:birch_log":6,"minecraft:smooth_stone_slab":1,"ae2:flawed_budding_quartz":1,"minecraft:grass":75,"minecraft:oak_log":94,"minecraft:coal_ore":252,"minecraft:sand":1,"minecraft:dirt":2,"minecraft:cobweb":13,"minecraft:oak_leaves":11,"minecraft:deepslate":3}},"DataVersion":3465}