{"stats":{"minecraft:killed_by":{"enemyexpansion:trollenraged":1,"iceandfire:cyclops":5,"minecraft:creeper":1,"irons_spellbooks:citadel_keeper":1,"minecraft:skeleton":3,"artifacts:mimic":1,"irons_spellbooks:archevoker":7,"enemyexpansion:troll":1,"enemyexpansion:invisicreeper":2},"minecraft:crafted":{"minecraft:smooth_stone":6,"minecraft:oak_planks":264,"minecraft:cooked_chicken":4,"minecraft:furnace":3,"minecraft:blast_furnace":2,"minecraft:stone":13,"minecraft:bone_meal":3,"quark:deepslate_furnace":1,"minecraft:cooked_mutton":7,"minecraft:iron_boots":1,"minecraft:stone_pickaxe":1,"minecraft:cooked_rabbit":2,"minecraft:cooked_beef":11,"minecraft:cooked_cod":3,"sophisticatedbackpacks:backpack":3,"minecraft:cooked_porkchop":17,"minecraft:crafting_table":2,"minecraft:dried_kelp":53,"minecraft:wooden_pickaxe":1,"minecraft:iron_helmet":1,"minecraft:iron_sword":1,"minecraft:bucket":1,"minecraft:birch_planks":24,"minecraft:stone_axe":1,"minecraft:air":0,"minecraft:iron_chestplate":1,"minecraft:wooden_hoe":1,"minecraft:shield":1,"minecraft:stick":20,"quark:oak_chest":7,"minecraft:iron_ingot":91,"minecraft:iron_pickaxe":1,"minecraft:iron_leggings":1,"minecraft:torch":12},"minecraft:used":{"minecraft:tropical_fish":1,"minecraft:dried_kelp":53,"minecraft:shield":21,"minecraft:iron_sword":251,"minecraft:cooked_chicken":5,"minecraft:torch":16,"minecraft:dirt":1,"minecraft:furnace":3,"minecraft:cooked_cod":3,"tombstone:gift":6,"minecraft:egg":2,"minecraft:cooked_beef":11,"minecraft:wheat_seeds":1,"minecraft:cooked_mutton":4,"minecraft:birch_planks":19,"minecraft:stone_pickaxe":131,"minecraft:oak_planks":216,"minecraft:wooden_pickaxe":9,"minecraft:glow_berries":15,"minecraft:sand":1,"minecraft:crafting_table":3,"minecraft:blast_furnace":2,"minecraft:crossbow":5,"minecraft:oak_log":1,"minecraft:wooden_hoe":1,"sophisticatedbackpacks:backpack":1,"minecraft:diamond_pickaxe":16,"minecraft:bread":5,"minecraft:iron_pickaxe":369,"minecraft:stone_axe":165,"minecraft:diamond_sword":29,"minecraft:cooked_rabbit":1,"minecraft:bucket":1,"quark:oak_chest":4,"minecraft:bone_meal":3},"minecraft:dropped":{"minecraft:iron_ingot":61,"minecraft:oak_log":28,"minecraft:crossbow":1,"minecraft:saddle":1,"iceandfire:cyclops_eye":1,"minecraft:coal":1,"minecraft:furnace":1,"sophisticatedbackpacks:backpack":2,"minecraft:diamond_pickaxe":1,"minecraft:cooked_rabbit":1},"minecraft:mined":{"minecraft:mossy_cobblestone":4,"irons_spellbooks:armor_pile":1,"minecraft:granite":1,"ae2:quartz_cluster":1,"minecraft:grass_block":6,"biomesoplenty:tall_lavender":1,"minecraft:furnace":1,"minecraft:iron_ore":104,"biomesoplenty:lavender":38,"minecraft:andesite":4,"ae2:mysterious_cube":1,"minecraft:bookshelf":14,"biomesoplenty:high_grass":4,"minecraft:deepslate_iron_ore":45,"minecraft:rail":1,"ae2:sky_stone_block":11,"minecraft:stone":72,"minecraft:bone_block":82,"minecraft:kelp_plant":3,"minecraft:smoker":2,"minecraft:crafting_table":1,"minecraft:torch":2,"minecraft:blast_furnace":2,"biomesoplenty:high_grass_plant":19,"minecraft:tall_grass":5,"minecraft:oak_planks":18,"minecraft:wall_torch":6,"minecraft:birch_planks":3,"minecraft:dark_oak_slab":1,"minecraft:birch_log":6,"minecraft:smooth_stone_slab":1,"ae2:flawed_budding_quartz":1,"minecraft:grass":72,"minecraft:oak_log":94,"minecraft:coal_ore":181,"minecraft:sand":1,"minecraft:dirt":1,"minecraft:cobweb":13,"minecraft:oak_leaves":11,"minecraft:deepslate":3},"minecraft:killed":{"alexsmobs:raccoon":1,"minecraft:spider":2,"dungeonsmod:piranha":1,"minecraft:cod":4,"enemyexpansion:direwolf":4,"minecraft:skeleton":4,"minecraft:chicken":5,"minecraft:silverfish":3,"minecraft:pig":6,"minecraft:rabbit":2,"enemyexpansion:sprinter":1,"minecraft:sheep":5,"minecraft:zombie":12,"enemyexpansion:botfly":2,"minecraft:cow":4},"minecraft:picked_up":{"irons_spellbooks:scroll":1,"minecraft:crafting_table":2,"minecraft:wheat":1,"minecraft:chainmail_boots":1,"minecraft:chicken":4,"minecraft:yellow_wool":1,"minecraft:lead":1,"minecraft:diamond_sword":1,"ae2:silicon_press":1,"minecraft:shield":1,"minecraft:string":16,"minecraft:smooth_stone_slab":1,"minecraft:item_frame":1,"minecraft:cobbled_deepslate":3,"minecraft:beef":4,"minecraft:iron_pickaxe":1,"minecraft:birch_sapling":2,"minecraft:egg":2,"minecraft:furnace":1,"minecraft:stick":29,"minecraft:raw_iron":148,"minecraft:stone":2,"minecraft:torch":10,"minecraft:porkchop":13,"tombstone:grave_dust":2,"minecraft:diorite":2,"ae2:sky_stone_block":10,"iceandfire:cyclops_eye":2,"minecraft:arrow":5,"minecraft:rotten_flesh":11,"minecraft:tropical_fish":1,"ae2:calculation_processor_press":1,"minecraft:mutton":10,"minecraft:bone_block":82,"minecraft:cod":3,"minecraft:white_wool":5,"minecraft:rail":1,"minecraft:cobblestone":75,"minecraft:birch_log":6,"biomesoplenty:lavender":48,"minecraft:feather":12,"minecraft:glow_ink_sac":6,"minecraft:andesite":4,"minecraft:leather":7,"doggytalents:rice_grains":11,"minecraft:smoker":3,"minecraft:birch_planks":3,"minecraft:oak_log":95,"minecraft:gunpowder":9,"minecraft:dirt":7,"minecraft:cooked_mutton":7,"minecraft:bone":3,"minecraft:apple":4,"minecraft:kelp":6,"minecraft:wheat_seeds":10,"minecraft:rabbit_hide":1,"minecraft:cooked_chicken":1,"ae2:logic_processor_press":1,"minecraft:rabbit":2,"minecraft:glass_bottle":3,"minecraft:oak_planks":513,"minecraft:book":42,"ae2:certus_quartz_crystal":4,"minecraft:sand":1,"minecraft:ink_sac":1,"minecraft:blast_furnace":2,"minecraft:mossy_cobblestone":4,"ae2:quartz_block":1,"minecraft:trapped_chest":1,"minecraft:spider_eye":1,"minecraft:diamond":1,"ae2:chipped_budding_quartz":2,"minecraft:granite":15,"ae2:engineering_processor_press":1,"minecraft:oak_sapling":46,"minecraft:coal":198,"minecraft:diamond_pickaxe":2},"minecraft:broken":{"minecraft:iron_boots":1,"minecraft:stone_pickaxe":1,"minecraft:shield":1,"minecraft:stone_axe":1,"minecraft:iron_pickaxe":1,"minecraft:iron_helmet":1},"minecraft:custom":{"minecraft:interact_with_smithing_table":1,"minecraft:mob_kills":56,"minecraft:interact_with_crafting_table":35,"minecraft:open_barrel":23,"minecraft:leave_game":1,"minecraft:time_since_death":3403,"minecraft:climb_one_cm":3078,"minecraft:sprint_one_cm":810695,"minecraft:walk_one_cm":596215,"minecraft:damage_blocked_by_shield":4148,"minecraft:drop":13,"minecraft:talked_to_villager":1,"minecraft:play_time":184217,"minecraft:deaths":25,"minecraft:sneak_time":2643,"minecraft:walk_under_water_one_cm":51056,"minecraft:jump":2405,"minecraft:interact_with_blast_furnace":10,"minecraft:walk_on_water_one_cm":49556,"minecraft:total_world_time":184217,"minecraft:interact_with_furnace":78,"minecraft:sleep_in_bed":4,"minecraft:time_since_rest":1517,"minecraft:waystone_activated":1,"minecraft:damage_taken":10181,"minecraft:damage_absorbed":100,"minecraft:trigger_trapped_chest":3,"minecraft:damage_dealt":7562,"minecraft:swim_one_cm":71442,"minecraft:fly_one_cm":346674,"minecraft:open_chest":79,"minecraft:crouch_one_cm":8107,"tombstone:undead_killed":17,"minecraft:interact_with_smoker":18,"minecraft:fall_one_cm":63907}},"DataVersion":3465}