{"stats":{"minecraft:killed_by":{"iceandfire:cyclops":5,"minecraft:creeper":1,"minecraft:spider":1,"minecraft:pillager":2,"minecraft:ravager":3,"irons_spellbooks:citadel_keeper":1,"irons_spellbooks:necromancer":2,"minecraft:skeleton":2,"minecraft:zombie":2,"irons_spellbooks:archevoker":7,"enemyexpansion:direwolf":1,"minecraft:vex":1},"minecraft:crafted":{"minecraft:oak_door":6,"minecraft:oak_planks":2584,"minecraft:raw_iron":72,"minecraft:furnace":2,"minecraft:stone":2,"minecraft:cooked_mutton":17,"minecraft:iron_boots":1,"minecraft:iron_axe":2,"minecraft:stone_pickaxe":2,"minecraft:oak_fence":36,"minecraft:cooked_rabbit":1,"sophisticatedbackpacks:iron_backpack":3,"minecraft:smoker":2,"minecraft:cooked_beef":11,"minecraft:diamond_sword":1,"alexsmobs:cooked_lobster_tail":2,"minecraft:crafting_table":4,"minecraft:dried_kelp":148,"minecraft:wooden_pickaxe":1,"minecraft:iron_helmet":1,"minecraft:iron_sword":1,"sophisticatedbackpacks:gold_backpack":3,"minecraft:bucket":1,"minecraft:stone_axe":2,"minecraft:air":0,"minecraft:iron_chestplate":1,"minecraft:diamond_pickaxe":1,"minecraft:shield":3,"minecraft:stick":68,"quark:oak_chest":4,"minecraft:iron_ingot":138,"minecraft:iron_pickaxe":2,"minecraft:wooden_axe":1,"minecraft:oak_stairs":8,"minecraft:stone_sword":1,"minecraft:gold_ingot":17,"minecraft:iron_leggings":1,"minecraft:white_bed":1,"minecraft:torch":36},"minecraft:used":{"minecraft:oak_fence":25,"biomesoplenty:redwood_leaves":40,"minecraft:stone_sword":76,"minecraft:dried_kelp":31,"minecraft:elytra":2,"twilightforest:glass_sword":7,"minecraft:shield":49,"minecraft:iron_sword":164,"minecraft:oak_door":7,"minecraft:torch":38,"minecraft:wooden_axe":69,"minecraft:iron_axe":483,"minecraft:oak_stairs":8,"alexsmobs:cooked_lobster_tail":2,"minecraft:furnace":4,"tombstone:gift":6,"minecraft:egg":1,"minecraft:cooked_beef":11,"minecraft:light_gray_bed":3,"minecraft:cooked_mutton":18,"minecraft:water_bucket":8,"minecraft:stone_pickaxe":70,"minecraft:baked_potato":13,"minecraft:oak_planks":542,"minecraft:wooden_pickaxe":12,"minecraft:crafting_table":6,"minecraft:red_mushroom":7,"minecraft:crossbow":5,"minecraft:white_bed":3,"minecraft:smoker":2,"waystones:waystone":1,"minecraft:diamond_pickaxe":150,"minecraft:apple":13,"minecraft:firework_rocket":244,"minecraft:bread":5,"minecraft:iron_pickaxe":51,"tombstone:grave_key":3,"minecraft:stone_axe":300,"minecraft:diamond_sword":106,"minecraft:potion":2,"minecraft:cooked_rabbit":2,"minecraft:bucket":9,"quark:oak_chest":4,"minecraft:experience_bottle":1},"minecraft:dropped":{"minecraft:iron_ingot":10,"minecraft:wheat_seeds":571,"minecraft:glass_bottle":1,"biomesoplenty:lavender":11,"minecraft:cobblestone":9,"iceandfire:cyclops_eye":4,"minecraft:red_mushroom":1,"sophisticatedbackpacks:gold_backpack":1,"minecraft:dirt":4,"mca:book_romance":1,"minecraft:torch":3,"minecraft:iron_pickaxe":1,"minecraft:dandelion":2,"minecraft:stone_axe":1,"minecraft:kelp":5,"minecraft:oak_planks":12,"minecraft:stone":2,"minecraft:shield":1,"minecraft:mossy_stone_bricks":4,"doggytalents:rice_grains":3,"biomesoplenty:redwood_leaves":1},"minecraft:mined":{"create:zinc_ore":1,"create:deepslate_zinc_ore":7,"minecraft:white_bed":2,"minecraft:deepslate_diamond_ore":4,"biomesoplenty:bush":1,"minecraft:grass_block":16,"minecraft:light_gray_bed":3,"iceandfire:lectern":1,"minecraft:hay_block":37,"minecraft:tall_seagrass":6,"biomesoplenty:tall_lavender":4,"minecraft:furnace":5,"minecraft:iron_ore":31,"biomesoplenty:lavender":48,"ae2:damaged_budding_quartz":1,"minecraft:andesite":1,"biomesoplenty:high_grass":2,"minecraft:deepslate_iron_ore":11,"irons_spellbooks:inscription_table":1,"ae2:sky_stone_block":19,"iceandfire:podium_spruce":1,"minecraft:stone":54,"sophisticatedbackpacks:backpack":1,"ae2:large_quartz_bud":1,"minecraft:glass_pane":4,"minecraft:kelp_plant":28,"minecraft:dandelion":1,"minecraft:oak_fence":9,"minecraft:crafting_table":2,"minecraft:campfire":1,"biomesoplenty:high_grass_plant":6,"minecraft:tall_grass":1,"minecraft:cobblestone":1,"minecraft:deepslate_gold_ore":5,"minecraft:oak_planks":38,"minecraft:seagrass":6,"minecraft:birch_planks":16,"ae2:flawless_budding_quartz":2,"minecraft:lilac":2,"ae2:flawed_budding_quartz":1,"ae2:quartz_block":4,"minecraft:grass":89,"minecraft:coal_ore":105,"minecraft:oak_log":644,"minecraft:dirt":1,"minecraft:polished_andesite":1,"minecraft:mossy_stone_bricks":2,"minecraft:oak_leaves":18,"minecraft:deepslate":9},"minecraft:killed":{"alexsmobs:lobster":3,"minecraft:vindicator":1,"minecraft:spider":2,"enemyexpansion:direwolf":5,"minecraft:skeleton":1,"iceandfire:fire_dragon":1,"minecraft:chicken":1,"minecraft:silverfish":14,"enemyexpansion:goblin":1,"artifacts:mimic":1,"minecraft:pig":12,"iceandfire:cyclops":1,"iceandfire:troll":1,"minecraft:rabbit":1,"enemyexpansion:sprinter":2,"minecraft:sheep":12,"minecraft:pillager":9,"minecraft:zombie":7,"enemyexpansion:vampire":1,"enemyexpansion:botfly":1,"minecraft:cow":7},"minecraft:picked_up":{"minecraft:crafting_table":2,"minecraft:wheat":403,"minecraft:chicken":2,"minecraft:cooked_rabbit":1,"minecraft:string":2,"biomesoplenty:tall_lavender":4,"minecraft:experience_bottle":1,"minecraft:gold_nugget":20,"iceandfire:bestiary":1,"minecraft:cobbled_deepslate":10,"minecraft:beef":13,"irons_spellbooks:inscription_table":1,"minecraft:birch_sapling":1,"ae2:flawed_budding_quartz":2,"minecraft:egg":4,"minecraft:furnace":5,"minecraft:raw_iron":40,"minecraft:stick":127,"artifacts:universal_attractor":1,"minecraft:oak_door":3,"minecraft:oak_fence":9,"minecraft:torch":7,"sophisticatedbackpacks:backpack":3,"minecraft:porkchop":23,"minecraft:carrot":2,"minecraft:rabbit_foot":1,"ae2:sky_stone_block":20,"iceandfire:cyclops_eye":4,"minecraft:light_gray_bed":3,"minecraft:arrow":2,"minecraft:rotten_flesh":23,"minecraft:beetroot_seeds":1,"ae2:certus_quartz_dust":1,"minecraft:hay_block":37,"minecraft:saddle":1,"minecraft:gold_ingot":14,"minecraft:mutton":26,"minecraft:cobblestone":61,"minecraft:white_wool":13,"alexsmobs:lobster_tail":2,"biomesoplenty:lavender":42,"minecraft:feather":1,"minecraft:air":0,"minecraft:lilac":2,"minecraft:glow_ink_sac":18,"minecraft:andesite":1,"minecraft:leather":17,"iceandfire:troll_leather_mountain":6,"doggytalents:rice_grains":14,"minecraft:birch_planks":16,"create:raw_zinc":8,"minecraft:oak_log":655,"minecraft:gunpowder":14,"minecraft:dirt":50,"minecraft:white_banner":1,"minecraft:bone":3,"minecraft:apple":22,"minecraft:kelp":400,"minecraft:wheat_seeds":859,"minecraft:raw_gold":5,"minecraft:iron_ingot":72,"tombstone:bag_of_seeds":1,"minecraft:mossy_stone_bricks":4,"minecraft:rabbit":1,"minecraft:glass_bottle":1,"minecraft:oak_planks":37,"iceandfire:podium_spruce":1,"iceandfire:ash":2,"minecraft:dandelion":3,"minecraft:white_bed":2,"ae2:quartz_block":4,"minecraft:spider_eye":2,"minecraft:polished_andesite":1,"minecraft:diamond":4,"iceandfire:lectern":1,"waystones:waystone":1,"minecraft:crossbow":1,"minecraft:granite":3,"tombstone:magic_scroll":1,"minecraft:baked_potato":15,"minecraft:oak_sapling":208,"minecraft:coal":126},"minecraft:broken":{"minecraft:iron_boots":1,"minecraft:iron_chestplate":1,"minecraft:iron_leggings":1,"minecraft:shield":1,"minecraft:iron_axe":1,"minecraft:stone_axe":1,"minecraft:iron_helmet":1,"minecraft:wooden_axe":1},"minecraft:custom":{"minecraft:mob_kills":86,"minecraft:animals_bred":1,"minecraft:interact_with_crafting_table":52,"minecraft:open_barrel":15,"minecraft:leave_game":2,"minecraft:time_since_death":3235,"minecraft:climb_one_cm":3874,"minecraft:sprint_one_cm":595392,"minecraft:walk_one_cm":600401,"minecraft:damage_blocked_by_shield":3525,"minecraft:drop":44,"minecraft:talked_to_villager":1,"minecraft:play_time":202241,"minecraft:deaths":29,"minecraft:sneak_time":10804,"minecraft:walk_under_water_one_cm":61996,"minecraft:jump":3844,"minecraft:interact_with_blast_furnace":15,"minecraft:walk_on_water_one_cm":41035,"minecraft:total_world_time":202241,"minecraft:interact_with_furnace":104,"tombstone:raider_killed":10,"minecraft:raid_trigger":1,"minecraft:sleep_in_bed":3,"minecraft:time_since_rest":3175,"minecraft:waystone_activated":2,"minecraft:damage_absorbed":100,"minecraft:damage_taken":14012,"minecraft:damage_dealt":15595,"minecraft:player_kills":1,"minecraft:swim_one_cm":58091,"minecraft:fly_one_cm":1205987,"minecraft:open_chest":116,"minecraft:crouch_one_cm":33794,"tombstone:undead_killed":11,"minecraft:aviate_one_cm":899844,"minecraft:interact_with_smoker":40,"minecraft:fall_one_cm":116838,"minecraft:horse_one_cm":8288}},"DataVersion":3465}