{"stats":{"minecraft:custom":{"minecraft:mob_kills":112,"minecraft:animals_bred":1,"minecraft:interact_with_crafting_table":72,"minecraft:open_barrel":15,"minecraft:leave_game":3,"minecraft:time_since_death":64357,"minecraft:climb_one_cm":5046,"minecraft:sprint_one_cm":888152,"minecraft:walk_one_cm":942490,"minecraft:damage_blocked_by_shield":3675,"minecraft:drop":53,"minecraft:talked_to_villager":1,"minecraft:play_time":353981,"minecraft:deaths":34,"minecraft:sneak_time":31399,"minecraft:walk_under_water_one_cm":106451,"minecraft:boat_one_cm":43020,"minecraft:jump":5989,"minecraft:interact_with_blast_furnace":15,"minecraft:total_world_time":353981,"minecraft:walk_on_water_one_cm":58082,"minecraft:interact_with_furnace":236,"tombstone:raider_killed":10,"minecraft:raid_trigger":1,"minecraft:sleep_in_bed":10,"minecraft:waystone_activated":6,"minecraft:time_since_rest":3150,"minecraft:damage_taken":16687,"minecraft:damage_absorbed":100,"minecraft:damage_dealt":21122,"minecraft:swim_one_cm":96886,"minecraft:player_kills":1,"minecraft:fly_one_cm":1672635,"minecraft:open_chest":124,"minecraft:crouch_one_cm":117565,"tombstone:undead_killed":21,"minecraft:aviate_one_cm":899844,"minecraft:interact_with_smoker":40,"minecraft:fall_one_cm":182369,"minecraft:horse_one_cm":8288},"minecraft:used":{"minecraft:oak_fence":25,"biomesoplenty:redwood_leaves":40,"minecraft:stone_sword":76,"minecraft:iron_shovel":214,"biomesoplenty:redwood_planks":157,"minecraft:dried_kelp":31,"minecraft:elytra":2,"twilightforest:glass_sword":14,"minecraft:shield":53,"minecraft:iron_sword":164,"minecraft:oak_door":7,"minecraft:torch":76,"minecraft:dirt":388,"minecraft:glass":372,"minecraft:wooden_axe":69,"minecraft:oak_stairs":169,"minecraft:iron_axe":1090,"alexsmobs:cooked_lobster_tail":2,"biomesoplenty:jacaranda_sapling":4,"minecraft:furnace":17,"minecraft:cooked_beef":11,"tombstone:gift":7,"minecraft:egg":6,"minecraft:light_gray_bed":3,"minecraft:cooked_mutton":18,"biomesoplenty:jacaranda_door":4,"minecraft:water_bucket":21,"minecraft:stone_pickaxe":70,"minecraft:baked_potato":13,"minecraft:oak_planks":980,"minecraft:wooden_pickaxe":12,"minecraft:sand":1,"minecraft:crafting_table":14,"minecraft:red_mushroom":7,"minecraft:crossbow":12,"minecraft:white_bed":11,"minecraft:smoker":2,"biomesoplenty:jacaranda_planks":158,"waystones:waystone":5,"minecraft:apple":13,"minecraft:firework_rocket":244,"minecraft:diamond_pickaxe":343,"minecraft:diamond_shovel":447,"minecraft:bread":42,"minecraft:iron_pickaxe":51,"tombstone:grave_key":4,"minecraft:stone_axe":300,"minecraft:diamond_sword":181,"minecraft:potion":2,"minecraft:cooked_rabbit":2,"minecraft:bucket":21,"quark:oak_chest":17,"minecraft:oak_boat":1,"minecraft:experience_bottle":1},"minecraft:broken":{"minecraft:iron_boots":1,"minecraft:iron_chestplate":1,"minecraft:iron_leggings":1,"minecraft:shield":1,"minecraft:iron_axe":4,"minecraft:stone_axe":1,"minecraft:iron_helmet":1,"minecraft:wooden_axe":1},"minecraft:killed":{"alexsmobs:lobster":3,"minecraft:spider":2,"minecraft:vindicator":1,"enemyexpansion:equestrian":1,"enemyexpansion:direwolf":6,"minecraft:skeleton":3,"iceandfire:fire_dragon":2,"minecraft:chicken":1,"minecraft:silverfish":14,"enemyexpansion:goblin":1,"artifacts:mimic":1,"minecraft:pig":12,"iceandfire:cyclops":1,"iceandfire:troll":1,"minecraft:rabbit":1,"enemyexpansion:sprinter":2,"minecraft:creeper":1,"minecraft:sheep":17,"minecraft:pillager":9,"enemyexpansion:meature":1,"minecraft:zombie":13,"enemyexpansion:vampire":1,"enemyexpansion:botfly":1,"minecraft:cow":15},"minecraft:crafted":{"minecraft:oak_door":6,"minecraft:oak_planks":2660,"minecraft:raw_iron":72,"minecraft:furnace":9,"minecraft:stone":2,"minecraft:diamond_shovel":1,"minecraft:cooked_mutton":17,"minecraft:glass":414,"minecraft:iron_boots":1,"minecraft:iron_axe":5,"tombstone:grave_key":1,"minecraft:stone_pickaxe":2,"biomesoplenty:jacaranda_door":6,"minecraft:oak_fence":36,"minecraft:cooked_rabbit":1,"sophisticatedbackpacks:iron_backpack":3,"minecraft:smoker":2,"minecraft:cooked_beef":11,"minecraft:diamond_sword":1,"biomesoplenty:jacaranda_planks":816,"alexsmobs:cooked_lobster_tail":2,"minecraft:crafting_table":7,"biomesoplenty:redwood_planks":392,"minecraft:dried_kelp":148,"minecraft:wooden_pickaxe":1,"minecraft:iron_helmet":1,"minecraft:iron_sword":1,"sophisticatedbackpacks:gold_backpack":3,"minecraft:bucket":1,"minecraft:stone_axe":2,"minecraft:bread":42,"minecraft:air":0,"minecraft:oak_boat":1,"minecraft:iron_chestplate":1,"minecraft:diamond_pickaxe":1,"minecraft:shield":3,"minecraft:stick":92,"quark:oak_chest":18,"minecraft:iron_ingot":138,"minecraft:iron_pickaxe":2,"minecraft:oak_stairs":192,"minecraft:wooden_axe":1,"minecraft:stone_sword":1,"minecraft:iron_shovel":1,"minecraft:iron_leggings":1,"minecraft:gold_ingot":17,"minecraft:white_bed":2,"minecraft:torch":92},"minecraft:killed_by":{"iceandfire:cyclops":5,"minecraft:spider":1,"minecraft:creeper":1,"minecraft:pillager":2,"enemyexpansion:equestrian":1,"minecraft:ravager":3,"iceandfire:sea_serpent":2,"irons_spellbooks:citadel_keeper":1,"irons_spellbooks:necromancer":2,"minecraft:skeleton":2,"minecraft:zombie":3,"irons_spellbooks:archevoker":7,"enemyexpansion:direwolf":1,"iceandfire:fire_dragon":1,"minecraft:vex":1},"minecraft:dropped":{"minecraft:iron_ingot":10,"minecraft:wheat_seeds":572,"minecraft:glass_bottle":1,"minecraft:crafting_table":1,"biomesoplenty:lavender":11,"minecraft:cobblestone":9,"iceandfire:cyclops_eye":4,"minecraft:red_mushroom":1,"sophisticatedbackpacks:gold_backpack":1,"minecraft:dirt":5,"mca:book_romance":1,"minecraft:torch":4,"minecraft:sand":2,"minecraft:iron_pickaxe":1,"minecraft:white_wool":48,"minecraft:dandelion":2,"minecraft:stone_axe":1,"minecraft:kelp":5,"minecraft:oak_planks":12,"minecraft:shield":1,"minecraft:stone":2,"minecraft:mossy_stone_bricks":4,"doggytalents:rice_grains":3,"biomesoplenty:redwood_leaves":1},"minecraft:picked_up":{"irons_spellbooks:scroll":1,"minecraft:charcoal":12,"minecraft:iron_chestplate":1,"minecraft:crafting_table":6,"minecraft:wheat":403,"minecraft:chicken":2,"minecraft:oak_stairs":7,"minecraft:cooked_rabbit":1,"biomesoplenty:jacaranda_sapling":102,"ae2:silicon_press":1,"minecraft:string":2,"minecraft:iron_leggings":1,"biomesoplenty:tall_lavender":20,"minecraft:experience_bottle":5,"minecraft:blackstone":9,"iceandfire:bestiary":1,"minecraft:gold_nugget":20,"minecraft:cobbled_deepslate":10,"minecraft:beef":27,"biomesoplenty:redwood_wood":98,"minecraft:birch_sapling":1,"ae2:flawed_budding_quartz":5,"irons_spellbooks:inscription_table":1,"minecraft:egg":6,"minecraft:furnace":12,"iceandfire:troll_tusk":1,"minecraft:stick":224,"artifacts:universal_attractor":1,"minecraft:raw_iron":40,"minecraft:oak_door":3,"artifacts:charm_of_sinking":1,"minecraft:oak_fence":9,"minecraft:torch":11,"sophisticatedbackpacks:backpack":3,"minecraft:porkchop":26,"tombstone:grave_dust":3,"minecraft:carrot":2,"minecraft:rabbit_foot":1,"ae2:sky_stone_block":25,"biomesoplenty:redwood_planks":3,"quark:clear_shard":12,"minecraft:arrow":6,"minecraft:light_gray_bed":3,"iceandfire:cyclops_eye":4,"minecraft:rotten_flesh":34,"biomesoplenty:jacaranda_log":204,"minecraft:beetroot_seeds":1,"ae2:certus_quartz_dust":1,"minecraft:hay_block":52,"minecraft:gold_ingot":14,"minecraft:saddle":1,"ae2:calculation_processor_press":1,"biomesoplenty:redwood_sapling":28,"alexsmobs:lobster_tail":2,"minecraft:mutton":32,"minecraft:cobblestone":121,"minecraft:white_wool":50,"biomesoplenty:lavender":339,"minecraft:air":0,"minecraft:feather":1,"minecraft:lilac":2,"minecraft:glow_ink_sac":18,"minecraft:andesite":1,"minecraft:leather":26,"minecraft:birch_planks":16,"iceandfire:troll_leather_mountain":6,"doggytalents:rice_grains":33,"create:raw_zinc":8,"minecraft:oak_log":674,"biomesoplenty:jacaranda_planks":4,"minecraft:gunpowder":16,"ae2:damaged_budding_quartz":3,"minecraft:dirt":408,"minecraft:white_banner":1,"minecraft:bone":8,"minecraft:apple":24,"minecraft:kelp":400,"minecraft:wheat_seeds":883,"minecraft:raw_gold":5,"minecraft:iron_ingot":72,"ae2:logic_processor_press":1,"tombstone:bag_of_seeds":1,"minecraft:mossy_stone_bricks":4,"minecraft:rabbit":1,"minecraft:glass_bottle":1,"minecraft:oak_planks":277,"iceandfire:podium_spruce":1,"iceandfire:ash":2,"minecraft:dandelion":3,"minecraft:sand":417,"artifacts:scarf_of_invisibility":1,"minecraft:white_bed":9,"ae2:quartz_block":7,"minecraft:spider_eye":2,"quark:oak_chest":1,"biomesoplenty:flowering_oak_sapling":3,"minecraft:polished_andesite":1,"minecraft:diamond":4,"tombstone:scroll_of_knowledge":1,"iceandfire:lectern":1,"waystones:waystone":6,"minecraft:iron_helmet":1,"minecraft:granite":3,"minecraft:crossbow":1,"ae2:engineering_processor_press":1,"tombstone:magic_scroll":1,"minecraft:baked_potato":15,"minecraft:oak_sapling":212,"minecraft:coal":237},"minecraft:mined":{"create:zinc_ore":1,"ae2:chipped_budding_quartz":3,"create:deepslate_zinc_ore":7,"minecraft:white_bed":10,"minecraft:deepslate_diamond_ore":4,"biomesoplenty:bush":1,"minecraft:grass_block":145,"iceandfire:lectern":1,"minecraft:light_gray_bed":3,"minecraft:hay_block":53,"minecraft:tall_seagrass":6,"biomesoplenty:jacaranda_log":212,"biomesoplenty:tall_lavender":19,"minecraft:furnace":12,"minecraft:iron_ore":31,"biomesoplenty:lavender":306,"ae2:damaged_budding_quartz":2,"minecraft:andesite":1,"ae2:mysterious_cube":1,"biomesoplenty:high_grass":2,"minecraft:deepslate_iron_ore":11,"minecraft:oak_stairs":7,"ae2:sky_stone_block":24,"irons_spellbooks:inscription_table":1,"minecraft:stone":114,"iceandfire:podium_spruce":1,"sophisticatedbackpacks:backpack":1,"ae2:large_quartz_bud":1,"biomesoplenty:jacaranda_leaves":1,"biomesoplenty:redwood_planks":3,"minecraft:glass_pane":6,"minecraft:blackstone":9,"minecraft:kelp_plant":28,"quark:oak_chest":1,"biomesoplenty:jacaranda_planks":4,"minecraft:dandelion":1,"minecraft:oak_fence":9,"minecraft:crafting_table":6,"minecraft:torch":3,"minecraft:campfire":1,"biomesoplenty:high_grass_plant":6,"minecraft:glass":5,"minecraft:tall_grass":15,"minecraft:cobblestone":1,"minecraft:deepslate_gold_ore":5,"minecraft:oak_planks":267,"minecraft:seagrass":6,"minecraft:birch_planks":16,"ae2:flawless_budding_quartz":5,"minecraft:lilac":2,"ae2:flawed_budding_quartz":1,"minecraft:grass":223,"ae2:quartz_block":6,"minecraft:oak_log":663,"minecraft:coal_ore":203,"minecraft:sand":417,"minecraft:dirt":109,"minecraft:polished_andesite":1,"minecraft:mossy_stone_bricks":2,"biomesoplenty:redwood_wood":98,"minecraft:oak_leaves":18,"minecraft:deepslate":9}},"DataVersion":3465}