{"stats":{"minecraft:killed_by":{"iceandfire:cyclops":9,"minecraft:creeper":1,"minecraft:pillager":2,"minecraft:ravager":3,"iceandfire:sea_serpent":2,"irons_spellbooks:citadel_keeper":1,"minecraft:zombie":3,"majruszsdifficulty:cursed_armor":1,"iceandfire:fire_dragon":1,"minecraft:vex":1,"minecraft:spider":1,"enemyexpansion:equestrian":1,"irons_spellbooks:necromancer":2,"minecraft:skeleton":2,"irons_spellbooks:archevoker":7,"enemyexpansion:direwolf":1},"minecraft:crafted":{"minecraft:oak_planks":2660,"minecraft:smooth_stone":13,"minecraft:stone":26,"minecraft:diamond_shovel":1,"minecraft:bookshelf":14,"minecraft:cooked_mutton":17,"minecraft:glass":658,"vanillaplustools:iron_hammer":1,"minecraft:iron_boots":2,"tombstone:grave_key":1,"storagedrawers:oak_full_drawers_4":4,"minecraft:oak_fence":36,"minecraft:cooked_rabbit":1,"minecraft:smoker":2,"biomesoplenty:jacaranda_planks":816,"enchantinginfuser:enchanting_infuser":1,"minecraft:crafting_table":7,"minecraft:wooden_pickaxe":1,"minecraft:iron_helmet":1,"storagedrawers:oak_full_drawers_1":1,"minecraft:iron_chestplate":1,"minecraft:diamond_pickaxe":1,"minecraft:shield":3,"minecraft:stick":92,"quark:oak_chest":23,"minecraft:iron_ingot":159,"minecraft:iron_pickaxe":11,"minecraft:stone_sword":1,"minecraft:gold_ingot":17,"minecraft:oak_door":6,"minecraft:raw_iron":72,"minecraft:furnace":15,"minecraft:blast_furnace":2,"minecraft:iron_axe":5,"minecraft:stone_pickaxe":2,"biomesoplenty:jacaranda_door":6,"minecraft:wheat":117,"sophisticatedbackpacks:iron_backpack":3,"minecraft:cooked_beef":29,"minecraft:diamond_sword":1,"alexsmobs:cooked_lobster_tail":2,"minecraft:enchanting_table":1,"biomesoplenty:redwood_planks":392,"minecraft:dried_kelp":148,"minecraft:iron_sword":1,"sophisticatedbackpacks:gold_backpack":3,"minecraft:bucket":1,"minecraft:stone_axe":2,"minecraft:bread":127,"minecraft:air":0,"minecraft:oak_boat":1,"minecraft:wooden_axe":1,"minecraft:oak_stairs":192,"minecraft:iron_shovel":1,"minecraft:iron_leggings":1,"minecraft:white_bed":2,"minecraft:torch":92},"minecraft:used":{"biomesoplenty:redwood_leaves":40,"minecraft:iron_shovel":214,"minecraft:elytra":2,"minecraft:shield":79,"minecraft:iron_sword":164,"minecraft:glass":637,"alexsmobs:cooked_lobster_tail":2,"biomesoplenty:jacaranda_sapling":4,"minecraft:furnace":17,"minecraft:egg":6,"minecraft:stone_pickaxe":70,"minecraft:oak_planks":1217,"minecraft:wooden_pickaxe":12,"minecraft:sand":1,"minecraft:blast_furnace":2,"minecraft:crossbow":49,"biomesoplenty:jacaranda_planks":158,"waystones:waystone":6,"minecraft:firework_rocket":244,"minecraft:bread":73,"tombstone:grave_key":5,"minecraft:diamond_sword":376,"minecraft:cooked_rabbit":2,"minecraft:oak_boat":1,"minecraft:experience_bottle":1,"minecraft:oak_fence":25,"storagedrawers:oak_full_drawers_1":1,"minecraft:stone_sword":76,"biomesoplenty:redwood_planks":157,"minecraft:dried_kelp":31,"twilightforest:glass_sword":14,"minecraft:oak_door":7,"minecraft:torch":92,"minecraft:dirt":388,"minecraft:wooden_axe":69,"minecraft:bookshelf":29,"minecraft:iron_axe":1245,"minecraft:oak_stairs":169,"minecraft:cooked_beef":19,"tombstone:gift":7,"minecraft:light_gray_bed":3,"minecraft:cooked_mutton":18,"biomesoplenty:jacaranda_door":4,"minecraft:water_bucket":21,"minecraft:baked_potato":13,"minecraft:crafting_table":14,"minecraft:red_mushroom":7,"minecraft:white_bed":13,"minecraft:smoker":2,"minecraft:diamond_pickaxe":398,"minecraft:apple":13,"minecraft:diamond_shovel":692,"minecraft:iron_pickaxe":51,"minecraft:stone_axe":300,"enchantinginfuser:enchanting_infuser":2,"minecraft:potion":2,"vanillaplustools:iron_hammer":50,"storagedrawers:oak_full_drawers_4":4,"minecraft:bucket":21,"quark:oak_chest":17},"minecraft:dropped":{"minecraft:glass_bottle":1,"minecraft:crafting_table":1,"minecraft:red_mushroom":1,"sophisticatedbackpacks:gold_backpack":1,"minecraft:dirt":5,"minecraft:sand":2,"minecraft:iron_pickaxe":1,"minecraft:birch_log":5,"minecraft:white_wool":48,"minecraft:bone":9,"minecraft:stone_axe":1,"minecraft:cobbled_deepslate":29,"minecraft:rotten_flesh":6,"minecraft:oak_planks":12,"doggytalents:rice_grains":5,"biomesoplenty:tall_lavender":1,"minecraft:iron_ingot":10,"minecraft:wheat_seeds":573,"biomesoplenty:lavender":11,"minecraft:cobblestone":9,"minecraft:granite":5,"iceandfire:cyclops_eye":4,"mca:book_romance":1,"minecraft:torch":8,"minecraft:string":2,"minecraft:dandelion":2,"twilightforest:glass_sword":1,"minecraft:kelp":5,"minecraft:tuff":3,"minecraft:torchflower_seeds":4,"minecraft:diamond_sword":1,"minecraft:stone":2,"minecraft:shield":1,"minecraft:mossy_stone_bricks":4,"minecraft:oak_sapling":2,"biomesoplenty:redwood_leaves":1,"minecraft:bow":1},"minecraft:mined":{"minecraft:large_amethyst_bud":1,"create:deepslate_zinc_ore":13,"minecraft:white_bed":12,"minecraft:obsidian":4,"minecraft:granite":5,"minecraft:grass_block":145,"iceandfire:pixie_house_oak":1,"minecraft:light_gray_bed":3,"iceandfire:lectern":1,"minecraft:tall_seagrass":6,"biomesoplenty:tall_lavender":23,"minecraft:fire":3,"minecraft:iron_ore":31,"biomesoplenty:lavender":309,"minecraft:oak_stairs":7,"iceandfire:pixie_house_spruce":2,"ae2:large_quartz_bud":1,"biomesoplenty:jacaranda_leaves":1,"minecraft:blackstone":9,"minecraft:kelp_plant":28,"biomesoplenty:jacaranda_planks":4,"minecraft:smoker":1,"minecraft:amethyst_cluster":1,"minecraft:torch":3,"minecraft:glass":9,"minecraft:cobblestone":1,"minecraft:oak_planks":384,"minecraft:wall_torch":1,"minecraft:seagrass":6,"storagedrawers:oak_full_drawers_1":1,"minecraft:lilac":2,"ae2:flawed_budding_quartz":1,"minecraft:grass":228,"ae2:quartz_block":6,"minecraft:oak_log":663,"minecraft:sand":661,"minecraft:dirt":110,"minecraft:netherrack":2,"minecraft:oak_leaves":18,"minecraft:deepslate":17,"create:zinc_ore":1,"ae2:chipped_budding_quartz":3,"minecraft:crying_obsidian":2,"minecraft:mangrove_wall_hanging_sign":1,"minecraft:deepslate_diamond_ore":9,"minecraft:stripped_mangrove_log":2,"enchantinginfuser:enchanting_infuser":1,"biomesoplenty:bush":1,"minecraft:cherry_wood":2,"minecraft:hay_block":53,"biomesoplenty:jacaranda_log":212,"minecraft:furnace":12,"ae2:damaged_budding_quartz":2,"minecraft:andesite":1,"ae2:mysterious_cube":1,"minecraft:gold_block":7,"minecraft:bookshelf":17,"biomesoplenty:high_grass":2,"minecraft:deepslate_iron_ore":17,"minecraft:stone":510,"ae2:sky_stone_block":24,"irons_spellbooks:inscription_table":1,"iceandfire:podium_spruce":1,"sophisticatedbackpacks:backpack":1,"biomesoplenty:redwood_planks":3,"minecraft:glass_pane":6,"quark:oak_chest":1,"minecraft:dandelion":1,"minecraft:oak_fence":9,"minecraft:crafting_table":7,"iceandfire:pixie_house_mushroom_brown":1,"minecraft:campfire":1,"biomesoplenty:high_grass_plant":6,"minecraft:tall_grass":21,"minecraft:deepslate_gold_ore":9,"minecraft:birch_planks":16,"ae2:flawless_budding_quartz":5,"minecraft:white_carpet":11,"iceandfire:pixie_house_mushroom_red":1,"minecraft:coal_ore":214,"minecraft:gray_carpet":2,"minecraft:polished_andesite":1,"minecraft:mossy_stone_bricks":2,"biomesoplenty:redwood_wood":98},"minecraft:killed":{"alexsmobs:lobster":3,"enemyexpansion:equestrian":1,"minecraft:spider":3,"minecraft:skeleton":17,"minecraft:chicken":1,"minecraft:silverfish":14,"artifacts:mimic":1,"minecraft:pig":12,"minecraft:creeper":2,"minecraft:sheep":17,"minecraft:pillager":10,"enemyexpansion:meature":1,"minecraft:zombie":18,"enemyexpansion:vampire":1,"enemyexpansion:botfly":1,"minecraft:cow":15,"enemyexpansion:trollenraged":2,"minecraft:vindicator":1,"enemyexpansion:direwolf":7,"iceandfire:fire_dragon":2,"enemyexpansion:goblin":1,"iceandfire:cyclops":1,"iceandfire:troll":1,"minecraft:rabbit":1,"enemyexpansion:sprinter":2,"majruszsdifficulty:cursed_armor":2,"enemyexpansion:slugger":1},"minecraft:picked_up":{"irons_spellbooks:scroll":1,"minecraft:iron_chestplate":1,"minecraft:wheat":403,"minecraft:diamond_sword":1,"minecraft:oak_stairs":7,"minecraft:string":5,"minecraft:iron_leggings":1,"biomesoplenty:tall_lavender":28,"minecraft:experience_bottle":5,"irons_spellbooks:arcane_essence":1,"minecraft:gold_nugget":20,"minecraft:cobbled_deepslate":48,"minecraft:iron_pickaxe":1,"alexsmobs:raccoon_tail":1,"minecraft:enchanted_golden_apple":1,"biomesoplenty:redwood_wood":98,"irons_spellbooks:inscription_table":1,"ae2:flawed_budding_quartz":5,"minecraft:furnace":12,"minecraft:stick":224,"artifacts:universal_attractor":1,"minecraft:oak_fence":9,"minecraft:torch":17,"iceandfire:pixie_house_mushroom_brown":1,"minecraft:porkchop":26,"tombstone:grave_dust":7,"minecraft:rabbit_foot":1,"ae2:sky_stone_block":25,"minecraft:light_gray_bed":3,"quark:clear_shard":23,"minecraft:rotten_flesh":47,"minecraft:bookshelf":18,"minecraft:obsidian":4,"alexsmobs:lobster_tail":2,"minecraft:cobblestone":517,"biomesoplenty:lavender":363,"minecraft:birch_log":5,"minecraft:feather":1,"minecraft:lilac":2,"minecraft:andesite":1,"minecraft:smoker":1,"minecraft:tuff":3,"create:raw_zinc":14,"ae2:damaged_budding_quartz":3,"minecraft:dirt":476,"minecraft:bone":33,"minecraft:bow":2,"minecraft:wheat_seeds":891,"minecraft:raw_gold":9,"ae2:logic_processor_press":1,"undergarden:gloomgourd_seeds":1,"minecraft:mossy_stone_bricks":4,"minecraft:rabbit":1,"minecraft:bamboo":2,"minecraft:oak_planks":407,"iceandfire:podium_spruce":1,"minecraft:sand":661,"ae2:quartz_block":7,"minecraft:bundle":1,"minecraft:polished_andesite":1,"minecraft:diamond":9,"iceandfire:lectern":1,"waystones:waystone":6,"minecraft:cherry_wood":2,"enchantinginfuser:enchanting_infuser":1,"minecraft:crossbow":1,"minecraft:granite":8,"minecraft:oak_sapling":214,"minecraft:netherrack":2,"minecraft:charcoal":12,"minecraft:crafting_table":6,"minecraft:chicken":2,"iceandfire:pixie_house_oak":1,"minecraft:cooked_rabbit":1,"minecraft:gold_block":6,"biomesoplenty:jacaranda_sapling":104,"minecraft:mangrove_hanging_sign":1,"ae2:silicon_press":1,"minecraft:shield":1,"minecraft:stripped_mangrove_log":2,"minecraft:white_carpet":11,"minecraft:iron_shovel":1,"minecraft:blackstone":9,"iceandfire:bestiary":1,"minecraft:beef":27,"minecraft:birch_sapling":1,"minecraft:egg":7,"minecraft:raw_iron":46,"iceandfire:troll_tusk":1,"minecraft:oak_door":3,"artifacts:charm_of_sinking":1,"sophisticatedbackpacks:backpack":3,"minecraft:carrot":2,"biomesoplenty:redwood_planks":3,"minecraft:arrow":23,"iceandfire:cyclops_eye":4,"biomesoplenty:jacaranda_log":207,"minecraft:beetroot_seeds":1,"ae2:certus_quartz_dust":1,"minecraft:hay_block":52,"minecraft:saddle":1,"minecraft:gold_ingot":18,"ae2:calculation_processor_press":1,"biomesoplenty:redwood_sapling":28,"minecraft:mutton":32,"minecraft:white_wool":50,"minecraft:air":0,"minecraft:glow_ink_sac":18,"minecraft:leather":26,"iceandfire:troll_leather_mountain":6,"doggytalents:rice_grains":40,"minecraft:birch_planks":16,"minecraft:oak_log":674,"biomesoplenty:jacaranda_planks":4,"minecraft:gunpowder":22,"minecraft:white_banner":2,"iceandfire:pixie_house_mushroom_red":1,"minecraft:apple":24,"minecraft:gray_carpet":1,"minecraft:kelp":400,"minecraft:iron_ingot":72,"tombstone:bag_of_seeds":1,"minecraft:glass_bottle":1,"storagedrawers:oak_full_drawers_1":1,"minecraft:book":51,"iceandfire:ash":2,"minecraft:dandelion":3,"minecraft:torchflower_seeds":4,"minecraft:amethyst_shard":4,"minecraft:white_bed":11,"artifacts:scarf_of_invisibility":1,"minecraft:crying_obsidian":2,"quark:oak_chest":1,"minecraft:spider_eye":3,"biomesoplenty:flowering_oak_sapling":3,"iceandfire:pixie_house_spruce":2,"tombstone:scroll_of_knowledge":1,"minecraft:iron_helmet":1,"ae2:engineering_processor_press":1,"minecraft:baked_potato":15,"tombstone:magic_scroll":1,"minecraft:coal":368},"minecraft:broken":{"minecraft:iron_boots":1,"minecraft:iron_chestplate":1,"minecraft:iron_leggings":1,"minecraft:stone_axe":1,"minecraft:wooden_axe":1,"minecraft:shield":2,"minecraft:iron_axe":4,"minecraft:iron_helmet":2},"minecraft:custom":{"minecraft:animals_bred":1,"minecraft:interact_with_crafting_table":85,"minecraft:open_barrel":16,"minecraft:leave_game":5,"minecraft:time_since_death":1707,"minecraft:sprint_one_cm":1123320,"minecraft:damage_blocked_by_shield":7380,"minecraft:drop":74,"minecraft:talked_to_villager":1,"minecraft:play_time":456935,"minecraft:deaths":40,"minecraft:jump":7572,"minecraft:walk_on_water_one_cm":65312,"minecraft:interact_with_furnace":287,"minecraft:sleep_in_bed":11,"minecraft:waystone_activated":7,"minecraft:damage_dealt":28709,"minecraft:player_kills":1,"minecraft:crouch_one_cm":156390,"tombstone:undead_killed":41,"minecraft:interact_with_smoker":51,"minecraft:horse_one_cm":8288,"minecraft:mob_kills":141,"minecraft:damage_dealt_resisted":579,"minecraft:climb_one_cm":5046,"minecraft:walk_one_cm":1191656,"minecraft:sneak_time":40731,"minecraft:walk_under_water_one_cm":117570,"minecraft:boat_one_cm":43020,"minecraft:interact_with_blast_furnace":28,"minecraft:total_world_time":456935,"tombstone:raider_killed":11,"minecraft:raid_trigger":1,"minecraft:time_since_rest":1468,"minecraft:damage_taken":21067,"minecraft:damage_absorbed":100,"minecraft:swim_one_cm":138801,"minecraft:fly_one_cm":2106543,"minecraft:open_chest":206,"minecraft:aviate_one_cm":899844,"minecraft:fall_one_cm":239881}},"DataVersion":3465}