{"stats":{"minecraft:killed_by":{"minecraft:player":1,"minecraft:creeper":1,"iceandfire:siren":4,"minecraft:enderman":1,"enemyexpansion:slugger":1,"minecraft:ravager":1,"minecraft:drowned":4,"iceandfire:sea_serpent":2,"majruszsdifficulty:creeperling":1,"enemyexpansion:sprinter":1,"irons_spellbooks:necromancer":1,"minecraft:skeleton":1,"minecraft:witch":1,"enemyexpansion:direwolf":1,"mythicmounts:dragon":4,"iceandfire:fire_dragon":5,"minecraft:vex":1},"minecraft:crafted":{"minecraft:saddle":1,"minecraft:oak_planks":220,"minecraft:furnace":2,"minecraft:iron_boots":1,"minecraft:stone_pickaxe":1,"minecraft:wheat":126,"minecraft:cooked_beef":9,"minecraft:diamond_sword":2,"minecraft:cooked_porkchop":10,"minecraft:crafting_table":7,"minecraft:iron_helmet":1,"minecraft:wooden_pickaxe":1,"minecraft:baked_potato":23,"minecraft:iron_sword":1,"minecraft:stone_axe":2,"minecraft:bread":42,"minecraft:air":0,"minecraft:oak_boat":2,"minecraft:diamond_pickaxe":2,"minecraft:shield":2,"minecraft:stick":40,"minecraft:wooden_axe":1,"minecraft:stone_sword":1,"minecraft:white_bed":4,"minecraft:torch":12},"minecraft:used":{"minecraft:stone_sword":47,"minecraft:iron_shovel":131,"minecraft:shield":65,"minecraft:iron_sword":642,"minecraft:iron_chestplate":5,"minecraft:torch":5,"minecraft:wooden_axe":23,"minecraft:iron_axe":22,"minecraft:furnace":2,"tombstone:gift":5,"minecraft:cooked_beef":9,"minecraft:pumpkin":1,"minecraft:light_gray_bed":1,"minecraft:water_bucket":1,"minecraft:oak_planks":227,"minecraft:stone_pickaxe":22,"minecraft:gray_carpet":1,"minecraft:baked_potato":14,"minecraft:wooden_pickaxe":7,"minecraft:crafting_table":8,"minecraft:red_bed":1,"minecraft:crossbow":5,"minecraft:white_bed":6,"minecraft:oak_log":1,"minecraft:diamond_pickaxe":91,"minecraft:apple":6,"minecraft:bread":86,"tombstone:grave_key":5,"minecraft:stone_axe":150,"minecraft:diamond_sword":450,"minecraft:cobblestone":3,"minecraft:cooked_porkchop":9,"minecraft:stripped_oak_wood":4,"minecraft:bucket":1,"minecraft:andesite":2,"minecraft:oak_boat":1},"minecraft:dropped":{"minecraft:wheat_seeds":2024,"minecraft:iron_helmet":1,"minecraft:coal":14,"minecraft:red_carpet":1,"irons_spellbooks:scroll":1,"minecraft:dirt":121,"artifacts:charm_of_sinking":1,"minecraft:iron_leggings":1,"minecraft:gold_ingot":14,"blue_skies:maple_planks":3,"minecraft:experience_bottle":4,"minecraft:rotten_flesh":6,"iceandfire:troll_tusk":1,"minecraft:diamond_sword":1,"minecraft:diamond_pickaxe":2,"minecraft:andesite":2,"minecraft:charcoal":12,"minecraft:iron_chestplate":1,"tombstone:scroll_of_knowledge":1,"waystones:waystone":1,"artifacts:scarf_of_invisibility":1},"minecraft:mined":{"minecraft:red_carpet":1,"minecraft:white_bed":1,"minecraft:farmland":9,"minecraft:mossy_cobblestone":3,"minecraft:carved_pumpkin":1,"biomesoplenty:bush":6,"minecraft:spruce_fence":2,"minecraft:grass_block":98,"minecraft:infested_cobblestone":1,"minecraft:light_gray_bed":1,"iceandfire:chared_dirt":16,"minecraft:cherry_wood":1,"minecraft:kelp":2,"iceandfire:chared_grass":1,"blue_skies:maple_planks":1,"minecraft:hay_block":14,"minecraft:smooth_stone":1,"minecraft:tall_seagrass":4,"biomesoplenty:tall_lavender":1,"minecraft:iron_ore":3,"minecraft:potted_torchflower":1,"biomesoplenty:lavender":10,"iceandfire:chared_gravel":10,"minecraft:andesite":3,"minecraft:pumpkin":2,"minecraft:big_dripleaf_stem":1,"minecraft:bookshelf":7,"iceandfire:gold_pile":60,"minecraft:vine":1,"minecraft:oak_stairs":1,"minecraft:iron_bars":2,"biomesoplenty:barley":1,"minecraft:azalea_leaves":1,"minecraft:stone":90,"biomesoplenty:jacaranda_leaves":2,"minecraft:oak_slab":1,"minecraft:mangrove_stairs":1,"minecraft:red_bed":1,"minecraft:blackstone":1,"minecraft:kelp_plant":16,"minecraft:lily_of_the_valley":1,"minecraft:stripped_dark_oak_log":3,"minecraft:oak_fence":1,"minecraft:cornflower":2,"minecraft:crafting_table":1,"minecraft:emerald_ore":1,"minecraft:poppy":1,"minecraft:campfire":6,"biomesoplenty:high_grass_plant":1,"minecraft:tall_grass":5,"minecraft:cobblestone":3,"minecraft:deepslate_coal_ore":1,"minecraft:oak_planks":33,"minecraft:wall_torch":1,"minecraft:spruce_stairs":1,"minecraft:cobblestone_wall":4,"minecraft:beehive":1,"minecraft:birch_log":6,"minecraft:wheat":486,"minecraft:spruce_log":1,"minecraft:stripped_oak_wood":4,"minecraft:birch_leaves":4,"iceandfire:ash":9,"minecraft:smooth_stone_slab":3,"minecraft:grass":36,"minecraft:oak_log":110,"minecraft:coal_ore":7,"minecraft:oak_fence_gate":1,"minecraft:gravel":18,"minecraft:sand":1,"minecraft:dirt":71,"minecraft:cracked_stone_bricks":5,"minecraft:stone_bricks":3,"minecraft:mossy_stone_bricks":4,"minecraft:oak_leaves":72,"minecraft:suspicious_gravel":1},"minecraft:killed":{"minecraft:spider":3,"dungeonsmod:piranha":3,"enemyexpansion:direwolf":3,"minecraft:skeleton":2,"minecraft:chicken":1,"minecraft:silverfish":7,"minecraft:drowned":18,"minecraft:pig":7,"enemyexpansion:ladybug":1,"mythicmounts:firebird":1,"minecraft:rabbit":1,"enemyexpansion:sprinter":1,"minecraft:creeper":1,"minecraft:sheep":11,"minecraft:pillager":7,"minecraft:zombie":3,"minecraft:cow":11},"minecraft:picked_up":{"sophisticatedbackpacks:gold_backpack":1,"minecraft:charcoal":12,"minecraft:crafting_table":1,"minecraft:wheat":532,"minecraft:allium":1,"minecraft:chicken":4,"minecraft:flower_pot":1,"minecraft:cornflower":2,"minecraft:string":3,"minecraft:red_bed":1,"minecraft:iron_leggings":1,"minecraft:smooth_stone_slab":3,"biomesoplenty:tall_lavender":2,"minecraft:armor_stand":1,"minecraft:blackstone":1,"minecraft:cracked_stone_bricks":2,"minecraft:gold_nugget":804,"minecraft:smooth_stone":1,"minecraft:beef":30,"minecraft:poppy":1,"alexsmobs:raccoon_tail":1,"minecraft:birch_sapling":2,"minecraft:furnace":1,"minecraft:egg":4,"minecraft:raw_iron":3,"minecraft:beehive":1,"minecraft:stick":23,"minecraft:big_dripleaf":3,"minecraft:copper_ingot":1,"minecraft:oak_fence":1,"iceandfire:chared_grass":1,"minecraft:torch":1,"blue_skies:maple_planks":3,"minecraft:spruce_fence":1,"minecraft:porkchop":13,"iceandfire:rotten_egg":1,"tombstone:grave_dust":7,"minecraft:arrow":7,"minecraft:rotten_flesh":16,"minecraft:light_gray_bed":1,"minecraft:tropical_fish":3,"iceandfire:chared_dirt":15,"minecraft:hay_block":14,"minecraft:carved_pumpkin":1,"minecraft:mutton":20,"minecraft:iron_bars":2,"minecraft:cod":3,"minecraft:white_wool":28,"minecraft:cobblestone":89,"biomesoplenty:lavender":28,"minecraft:nautilus_shell":1,"minecraft:birch_log":7,"minecraft:feather":2,"minecraft:lilac":1,"minecraft:andesite":5,"minecraft:leather":13,"minecraft:torchflower":1,"doggytalents:rice_grains":5,"minecraft:potato":5,"minecraft:flint":1,"minecraft:oak_log":115,"minecraft:cobblestone_wall":4,"minecraft:dirt":167,"minecraft:red_carpet":1,"minecraft:bone":5,"minecraft:apple":6,"minecraft:stone_bricks":1,"minecraft:gray_carpet":1,"minecraft:kelp":36,"minecraft:wheat_seeds":1448,"minecraft:oak_fence_gate":1,"minecraft:stripped_oak_wood":4,"minecraft:mossy_stone_bricks":3,"minecraft:rabbit":1,"minecraft:oak_planks":22,"minecraft:oak_slab":2,"minecraft:book":21,"minecraft:pumpkin":2,"iceandfire:ash":8,"minecraft:gravel":6,"minecraft:white_bed":2,"minecraft:spruce_log":1,"minecraft:lily_of_the_valley":1,"minecraft:mossy_cobblestone":3,"waystones:waystone":1,"minecraft:cherry_wood":1,"minecraft:iron_helmet":1,"minecraft:crossbow":1,"minecraft:emerald":1,"minecraft:baked_potato":1,"tombstone:magic_scroll":1,"minecraft:oak_sapling":49,"iceandfire:chared_gravel":9,"minecraft:stripped_dark_oak_log":3,"minecraft:coal":8,"minecraft:diamond_pickaxe":1},"minecraft:broken":{"minecraft:iron_boots":1,"minecraft:iron_leggings":1,"minecraft:shield":1,"minecraft:stone_axe":1,"minecraft:iron_helmet":2},"minecraft:custom":{"minecraft:interact_with_smithing_table":1,"minecraft:mob_kills":83,"minecraft:interact_with_crafting_table":25,"minecraft:open_barrel":15,"minecraft:leave_game":7,"minecraft:time_since_death":10573,"minecraft:climb_one_cm":9480,"minecraft:sprint_one_cm":729447,"minecraft:walk_one_cm":889750,"minecraft:damage_blocked_by_shield":3528,"minecraft:drop":49,"minecraft:play_time":401837,"minecraft:deaths":33,"minecraft:sneak_time":8558,"minecraft:walk_under_water_one_cm":192904,"minecraft:boat_one_cm":231525,"minecraft:interact_with_brewingstand":2,"minecraft:jump":6911,"minecraft:interact_with_blast_furnace":1,"minecraft:walk_on_water_one_cm":180181,"minecraft:total_world_time":401837,"minecraft:interact_with_furnace":20,"tombstone:raider_killed":7,"minecraft:sleep_in_bed":20,"minecraft:waystone_activated":3,"minecraft:time_since_rest":10304,"minecraft:damage_taken":16025,"minecraft:damage_dealt":15257,"minecraft:swim_one_cm":552175,"minecraft:fly_one_cm":1031444,"minecraft:open_chest":141,"minecraft:crouch_one_cm":10501,"tombstone:undead_killed":24,"minecraft:interact_with_smoker":1,"minecraft:fall_one_cm":157588,"minecraft:horse_one_cm":35962}},"DataVersion":3465}