{"stats":{"minecraft:used":{"minecraft:stone_sword":47,"minecraft:shield":39,"minecraft:iron_sword":642,"minecraft:torch":4,"minecraft:wooden_axe":23,"minecraft:furnace":2,"tombstone:gift":4,"minecraft:cooked_beef":9,"minecraft:pumpkin":1,"minecraft:water_bucket":1,"minecraft:stone_pickaxe":22,"minecraft:baked_potato":9,"minecraft:oak_planks":198,"minecraft:wooden_pickaxe":7,"minecraft:crafting_table":4,"minecraft:white_bed":3,"minecraft:oak_log":1,"minecraft:diamond_pickaxe":71,"minecraft:apple":6,"minecraft:bread":5,"minecraft:stone_axe":150,"minecraft:diamond_sword":120,"minecraft:cobblestone":3,"minecraft:cooked_porkchop":9,"minecraft:andesite":2,"minecraft:bucket":1},"minecraft:custom":{"minecraft:interact_with_smithing_table":1,"minecraft:mob_kills":43,"minecraft:interact_with_crafting_table":16,"minecraft:open_barrel":9,"minecraft:leave_game":3,"minecraft:time_since_death":947,"minecraft:climb_one_cm":7770,"minecraft:sprint_one_cm":358669,"minecraft:walk_one_cm":488123,"minecraft:damage_blocked_by_shield":1785,"minecraft:drop":34,"minecraft:play_time":176202,"minecraft:deaths":14,"minecraft:sneak_time":3611,"minecraft:walk_under_water_one_cm":20919,"minecraft:jump":3600,"minecraft:interact_with_brewingstand":2,"minecraft:interact_with_blast_furnace":1,"minecraft:walk_on_water_one_cm":67274,"minecraft:total_world_time":176202,"minecraft:interact_with_furnace":18,"tombstone:raider_killed":1,"minecraft:sleep_in_bed":6,"minecraft:waystone_activated":2,"minecraft:time_since_rest":458,"minecraft:damage_taken":5860,"minecraft:damage_dealt":6159,"minecraft:swim_one_cm":149518,"minecraft:fly_one_cm":457457,"minecraft:open_chest":78,"minecraft:crouch_one_cm":9539,"tombstone:undead_killed":4,"minecraft:interact_with_smoker":1,"minecraft:fall_one_cm":73094,"minecraft:horse_one_cm":17885},"minecraft:broken":{"minecraft:shield":1,"minecraft:stone_axe":1},"minecraft:killed":{"minecraft:spider":2,"enemyexpansion:direwolf":1,"minecraft:skeleton":2,"minecraft:chicken":1,"minecraft:silverfish":7,"minecraft:drowned":1,"minecraft:pig":7,"enemyexpansion:ladybug":1,"mythicmounts:firebird":1,"minecraft:rabbit":1,"enemyexpansion:sprinter":1,"minecraft:sheep":10,"minecraft:pillager":1,"minecraft:cow":6},"minecraft:crafted":{"minecraft:oak_planks":220,"minecraft:furnace":2,"minecraft:iron_boots":1,"minecraft:stone_pickaxe":1,"minecraft:cooked_beef":9,"minecraft:diamond_sword":2,"minecraft:cooked_porkchop":10,"minecraft:crafting_table":3,"minecraft:iron_helmet":1,"minecraft:wooden_pickaxe":1,"minecraft:baked_potato":23,"minecraft:iron_sword":1,"minecraft:stone_axe":2,"minecraft:air":0,"minecraft:diamond_pickaxe":2,"minecraft:shield":1,"minecraft:stick":32,"minecraft:wooden_axe":1,"minecraft:stone_sword":1,"minecraft:white_bed":2,"minecraft:torch":4},"minecraft:killed_by":{"minecraft:player":1,"enemyexpansion:slugger":1,"minecraft:ravager":1,"minecraft:drowned":1,"enemyexpansion:sprinter":1,"irons_spellbooks:necromancer":1,"minecraft:witch":1,"enemyexpansion:direwolf":1,"iceandfire:fire_dragon":4,"minecraft:vex":1},"minecraft:dropped":{"minecraft:wheat_seeds":2024,"minecraft:coal":1,"minecraft:gold_ingot":14,"blue_skies:maple_planks":3,"minecraft:rotten_flesh":6,"minecraft:diamond_sword":1,"minecraft:diamond_pickaxe":2,"minecraft:andesite":2},"minecraft:picked_up":{"sophisticatedbackpacks:gold_backpack":1,"minecraft:crafting_table":1,"minecraft:allium":1,"minecraft:wheat":531,"minecraft:chicken":1,"minecraft:string":1,"minecraft:smooth_stone_slab":3,"biomesoplenty:tall_lavender":1,"minecraft:gold_nugget":804,"minecraft:smooth_stone":1,"minecraft:beef":18,"alexsmobs:raccoon_tail":1,"minecraft:birch_sapling":2,"minecraft:furnace":1,"minecraft:egg":3,"minecraft:stick":22,"minecraft:raw_iron":3,"minecraft:torch":1,"iceandfire:chared_grass":1,"blue_skies:maple_planks":3,"minecraft:porkchop":10,"iceandfire:rotten_egg":1,"minecraft:arrow":4,"minecraft:rotten_flesh":6,"iceandfire:chared_dirt":15,"minecraft:carved_pumpkin":1,"minecraft:mutton":14,"minecraft:white_wool":10,"minecraft:cobblestone":77,"biomesoplenty:lavender":1,"minecraft:birch_log":6,"minecraft:feather":2,"minecraft:lilac":1,"minecraft:andesite":4,"minecraft:leather":4,"minecraft:potato":5,"doggytalents:rice_grains":4,"minecraft:oak_log":114,"minecraft:dirt":39,"minecraft:bone":5,"minecraft:apple":6,"minecraft:wheat_seeds":1444,"minecraft:rabbit":1,"minecraft:oak_planks":1,"minecraft:pumpkin":2,"iceandfire:ash":8,"minecraft:white_bed":1,"minecraft:lily_of_the_valley":1,"minecraft:baked_potato":1,"tombstone:magic_scroll":1,"minecraft:oak_sapling":49,"minecraft:stripped_dark_oak_log":3,"minecraft:coal":2,"iceandfire:chared_gravel":9,"minecraft:diamond_pickaxe":1},"minecraft:mined":{"minecraft:white_bed":1,"minecraft:farmland":9,"minecraft:carved_pumpkin":1,"biomesoplenty:bush":6,"minecraft:grass_block":13,"minecraft:infested_cobblestone":1,"iceandfire:chared_dirt":16,"iceandfire:chared_grass":1,"blue_skies:maple_planks":1,"minecraft:smooth_stone":1,"biomesoplenty:tall_lavender":1,"minecraft:iron_ore":3,"biomesoplenty:lavender":3,"minecraft:andesite":2,"iceandfire:chared_gravel":10,"minecraft:pumpkin":2,"iceandfire:gold_pile":60,"minecraft:stone":81,"minecraft:lily_of_the_valley":1,"minecraft:stripped_dark_oak_log":3,"minecraft:crafting_table":1,"biomesoplenty:high_grass_plant":1,"minecraft:tall_grass":3,"minecraft:oak_planks":1,"minecraft:wall_torch":1,"minecraft:spruce_stairs":1,"minecraft:birch_log":6,"minecraft:wheat":486,"iceandfire:ash":9,"minecraft:smooth_stone_slab":3,"minecraft:grass":26,"minecraft:oak_log":110,"minecraft:coal_ore":2,"minecraft:dirt":22,"minecraft:oak_leaves":50}},"DataVersion":3465}