{"stats":{"minecraft:killed_by":{"minecraft:player":1,"enemyexpansion:slugger":1,"minecraft:ravager":1,"minecraft:drowned":1,"enemyexpansion:sprinter":1,"irons_spellbooks:necromancer":1,"minecraft:witch":1,"enemyexpansion:direwolf":1,"iceandfire:fire_dragon":5,"minecraft:vex":1},"minecraft:custom":{"minecraft:interact_with_smithing_table":1,"minecraft:mob_kills":59,"minecraft:interact_with_crafting_table":21,"minecraft:open_barrel":11,"minecraft:leave_game":4,"minecraft:time_since_death":26475,"minecraft:climb_one_cm":7854,"minecraft:sprint_one_cm":395228,"minecraft:walk_one_cm":540509,"minecraft:damage_blocked_by_shield":1845,"minecraft:drop":35,"minecraft:play_time":213919,"minecraft:sneak_time":5272,"minecraft:deaths":15,"minecraft:walk_under_water_one_cm":81452,"minecraft:boat_one_cm":151650,"minecraft:interact_with_brewingstand":2,"minecraft:jump":4052,"minecraft:interact_with_blast_furnace":1,"minecraft:walk_on_water_one_cm":86440,"minecraft:total_world_time":213919,"minecraft:interact_with_furnace":18,"tombstone:raider_killed":1,"minecraft:sleep_in_bed":8,"minecraft:waystone_activated":2,"minecraft:time_since_rest":22183,"minecraft:damage_taken":7109,"minecraft:damage_dealt":9904,"minecraft:swim_one_cm":214471,"minecraft:fly_one_cm":521196,"minecraft:open_chest":115,"minecraft:crouch_one_cm":9539,"tombstone:undead_killed":16,"minecraft:interact_with_smoker":1,"minecraft:fall_one_cm":82823,"minecraft:horse_one_cm":17885},"minecraft:killed":{"minecraft:spider":2,"enemyexpansion:direwolf":1,"minecraft:skeleton":2,"minecraft:chicken":1,"minecraft:silverfish":7,"minecraft:drowned":13,"minecraft:pig":7,"enemyexpansion:ladybug":1,"mythicmounts:firebird":1,"minecraft:rabbit":1,"enemyexpansion:sprinter":1,"minecraft:creeper":1,"minecraft:sheep":11,"minecraft:pillager":1,"minecraft:cow":8},"minecraft:crafted":{"minecraft:oak_planks":220,"minecraft:furnace":2,"minecraft:iron_boots":1,"minecraft:stone_pickaxe":1,"minecraft:cooked_beef":9,"minecraft:diamond_sword":2,"minecraft:cooked_porkchop":10,"minecraft:crafting_table":6,"minecraft:iron_helmet":1,"minecraft:wooden_pickaxe":1,"minecraft:baked_potato":23,"minecraft:iron_sword":1,"minecraft:stone_axe":2,"minecraft:air":0,"minecraft:oak_boat":1,"minecraft:diamond_pickaxe":2,"minecraft:shield":2,"minecraft:stick":32,"minecraft:wooden_axe":1,"minecraft:stone_sword":1,"minecraft:white_bed":3,"minecraft:torch":4},"minecraft:broken":{"minecraft:shield":1,"minecraft:stone_axe":1,"minecraft:iron_helmet":1},"minecraft:picked_up":{"sophisticatedbackpacks:gold_backpack":1,"minecraft:crafting_table":1,"minecraft:allium":1,"minecraft:wheat":531,"minecraft:chicken":1,"minecraft:string":1,"minecraft:smooth_stone_slab":3,"biomesoplenty:tall_lavender":1,"minecraft:cracked_stone_bricks":2,"minecraft:gold_nugget":804,"minecraft:smooth_stone":1,"minecraft:beef":20,"alexsmobs:raccoon_tail":1,"minecraft:birch_sapling":2,"minecraft:furnace":1,"minecraft:egg":3,"minecraft:stick":22,"minecraft:raw_iron":3,"minecraft:copper_ingot":1,"minecraft:torch":1,"iceandfire:chared_grass":1,"blue_skies:maple_planks":3,"minecraft:porkchop":10,"iceandfire:rotten_egg":1,"tombstone:grave_dust":4,"minecraft:arrow":7,"minecraft:light_gray_bed":1,"minecraft:rotten_flesh":10,"iceandfire:chared_dirt":15,"minecraft:hay_block":14,"minecraft:carved_pumpkin":1,"minecraft:mutton":15,"minecraft:iron_bars":2,"minecraft:white_wool":11,"minecraft:cobblestone":79,"biomesoplenty:lavender":1,"minecraft:birch_log":6,"minecraft:feather":2,"minecraft:lilac":1,"minecraft:andesite":4,"minecraft:leather":8,"minecraft:potato":5,"doggytalents:rice_grains":4,"minecraft:flint":1,"minecraft:oak_log":114,"minecraft:cobblestone_wall":4,"minecraft:dirt":41,"minecraft:red_carpet":1,"minecraft:bone":5,"minecraft:apple":6,"minecraft:kelp":1,"minecraft:wheat_seeds":1444,"minecraft:mossy_stone_bricks":3,"minecraft:rabbit":1,"minecraft:oak_planks":1,"minecraft:pumpkin":2,"iceandfire:ash":8,"minecraft:gravel":2,"minecraft:spruce_log":1,"minecraft:white_bed":1,"minecraft:lily_of_the_valley":1,"minecraft:mossy_cobblestone":2,"minecraft:emerald":1,"minecraft:baked_potato":1,"tombstone:magic_scroll":1,"minecraft:oak_sapling":49,"minecraft:stripped_dark_oak_log":3,"minecraft:coal":2,"iceandfire:chared_gravel":9,"minecraft:diamond_pickaxe":1},"minecraft:dropped":{"minecraft:wheat_seeds":2024,"minecraft:coal":1,"minecraft:red_carpet":1,"minecraft:gold_ingot":14,"blue_skies:maple_planks":3,"minecraft:rotten_flesh":6,"minecraft:diamond_sword":1,"minecraft:diamond_pickaxe":2,"minecraft:andesite":2},"minecraft:used":{"minecraft:stone_sword":47,"minecraft:shield":40,"minecraft:iron_sword":642,"minecraft:iron_chestplate":5,"minecraft:torch":4,"minecraft:wooden_axe":23,"minecraft:furnace":2,"tombstone:gift":5,"minecraft:cooked_beef":9,"minecraft:pumpkin":1,"minecraft:light_gray_bed":1,"minecraft:water_bucket":1,"minecraft:stone_pickaxe":22,"minecraft:baked_potato":9,"minecraft:oak_planks":198,"minecraft:wooden_pickaxe":7,"minecraft:crafting_table":7,"minecraft:white_bed":4,"minecraft:oak_log":1,"minecraft:diamond_pickaxe":76,"minecraft:apple":6,"minecraft:bread":22,"minecraft:stone_axe":150,"minecraft:diamond_sword":231,"minecraft:cobblestone":3,"minecraft:cooked_porkchop":9,"minecraft:andesite":2,"minecraft:bucket":1,"minecraft:oak_boat":1},"minecraft:mined":{"minecraft:red_carpet":1,"minecraft:white_bed":1,"minecraft:farmland":9,"minecraft:mossy_cobblestone":2,"minecraft:carved_pumpkin":1,"biomesoplenty:bush":6,"minecraft:grass_block":15,"minecraft:infested_cobblestone":1,"minecraft:light_gray_bed":1,"iceandfire:chared_dirt":16,"iceandfire:chared_grass":1,"blue_skies:maple_planks":1,"minecraft:hay_block":14,"minecraft:smooth_stone":1,"minecraft:tall_seagrass":2,"biomesoplenty:tall_lavender":1,"minecraft:iron_ore":3,"biomesoplenty:lavender":3,"iceandfire:chared_gravel":10,"minecraft:andesite":2,"minecraft:pumpkin":2,"iceandfire:gold_pile":60,"minecraft:iron_bars":2,"minecraft:stone":81,"minecraft:kelp_plant":1,"minecraft:lily_of_the_valley":1,"minecraft:stripped_dark_oak_log":3,"minecraft:crafting_table":1,"minecraft:emerald_ore":1,"biomesoplenty:high_grass_plant":1,"minecraft:tall_grass":3,"minecraft:cobblestone":2,"minecraft:oak_planks":1,"minecraft:wall_torch":1,"minecraft:spruce_stairs":1,"minecraft:cobblestone_wall":4,"minecraft:birch_log":6,"minecraft:wheat":486,"minecraft:spruce_log":1,"iceandfire:ash":9,"minecraft:smooth_stone_slab":3,"minecraft:grass":27,"minecraft:oak_log":110,"minecraft:coal_ore":2,"minecraft:gravel":5,"minecraft:dirt":22,"minecraft:cracked_stone_bricks":2,"minecraft:mossy_stone_bricks":3,"minecraft:oak_leaves":50}},"DataVersion":3465}