{"stats":{"minecraft:killed_by":{"minecraft:player":1,"enemyexpansion:slugger":1,"minecraft:ravager":1,"minecraft:drowned":1,"enemyexpansion:sprinter":1,"irons_spellbooks:necromancer":1,"minecraft:witch":1,"enemyexpansion:direwolf":1,"iceandfire:fire_dragon":5,"minecraft:vex":1},"minecraft:custom":{"minecraft:interact_with_smithing_table":1,"minecraft:mob_kills":60,"minecraft:interact_with_crafting_table":22,"minecraft:open_barrel":13,"minecraft:leave_game":4,"minecraft:time_since_death":62475,"minecraft:climb_one_cm":8386,"minecraft:sprint_one_cm":467124,"minecraft:walk_one_cm":623305,"minecraft:damage_blocked_by_shield":1845,"minecraft:drop":36,"minecraft:play_time":249919,"minecraft:sneak_time":6761,"minecraft:deaths":15,"minecraft:walk_under_water_one_cm":106419,"minecraft:boat_one_cm":231525,"minecraft:interact_with_brewingstand":2,"minecraft:jump":4638,"minecraft:interact_with_blast_furnace":1,"minecraft:walk_on_water_one_cm":90851,"minecraft:total_world_time":249919,"minecraft:interact_with_furnace":20,"tombstone:raider_killed":1,"minecraft:sleep_in_bed":10,"minecraft:waystone_activated":2,"minecraft:time_since_rest":13381,"minecraft:damage_taken":7595,"minecraft:damage_dealt":10102,"minecraft:swim_one_cm":228023,"minecraft:fly_one_cm":583361,"minecraft:open_chest":124,"minecraft:crouch_one_cm":9986,"tombstone:undead_killed":17,"minecraft:interact_with_smoker":1,"minecraft:fall_one_cm":103229,"minecraft:horse_one_cm":17885},"minecraft:killed":{"minecraft:spider":2,"enemyexpansion:direwolf":1,"minecraft:skeleton":2,"minecraft:chicken":1,"minecraft:silverfish":7,"minecraft:drowned":13,"minecraft:pig":7,"enemyexpansion:ladybug":1,"mythicmounts:firebird":1,"minecraft:rabbit":1,"enemyexpansion:sprinter":1,"minecraft:creeper":1,"minecraft:sheep":11,"minecraft:pillager":1,"minecraft:zombie":1,"minecraft:cow":8},"minecraft:crafted":{"minecraft:oak_planks":220,"minecraft:furnace":2,"minecraft:iron_boots":1,"minecraft:stone_pickaxe":1,"minecraft:cooked_beef":9,"minecraft:diamond_sword":2,"minecraft:cooked_porkchop":10,"minecraft:crafting_table":6,"minecraft:iron_helmet":1,"minecraft:wooden_pickaxe":1,"minecraft:baked_potato":23,"minecraft:iron_sword":1,"minecraft:stone_axe":2,"minecraft:air":0,"minecraft:oak_boat":1,"minecraft:diamond_pickaxe":2,"minecraft:shield":2,"minecraft:stick":32,"minecraft:wooden_axe":1,"minecraft:stone_sword":1,"minecraft:white_bed":4,"minecraft:torch":4},"minecraft:broken":{"minecraft:shield":1,"minecraft:stone_axe":1,"minecraft:iron_helmet":1},"minecraft:picked_up":{"sophisticatedbackpacks:gold_backpack":1,"minecraft:charcoal":12,"minecraft:crafting_table":1,"minecraft:allium":1,"minecraft:wheat":531,"minecraft:chicken":4,"minecraft:string":1,"minecraft:iron_leggings":1,"minecraft:smooth_stone_slab":3,"minecraft:armor_stand":1,"biomesoplenty:tall_lavender":2,"minecraft:cracked_stone_bricks":2,"minecraft:gold_nugget":804,"minecraft:smooth_stone":1,"minecraft:beef":24,"alexsmobs:raccoon_tail":1,"minecraft:birch_sapling":2,"minecraft:furnace":1,"minecraft:egg":4,"minecraft:stick":22,"minecraft:raw_iron":3,"minecraft:copper_ingot":1,"minecraft:torch":1,"iceandfire:chared_grass":1,"blue_skies:maple_planks":3,"minecraft:porkchop":13,"iceandfire:rotten_egg":1,"tombstone:grave_dust":4,"minecraft:arrow":7,"minecraft:light_gray_bed":1,"minecraft:rotten_flesh":12,"iceandfire:chared_dirt":15,"minecraft:hay_block":14,"minecraft:carved_pumpkin":1,"minecraft:cod":3,"minecraft:mutton":19,"minecraft:iron_bars":2,"minecraft:white_wool":27,"minecraft:cobblestone":83,"biomesoplenty:lavender":28,"minecraft:birch_log":6,"minecraft:feather":2,"minecraft:lilac":1,"minecraft:andesite":4,"minecraft:leather":8,"minecraft:potato":5,"doggytalents:rice_grains":5,"minecraft:flint":1,"minecraft:oak_log":114,"minecraft:cobblestone_wall":4,"minecraft:dirt":162,"minecraft:red_carpet":1,"minecraft:bone":5,"minecraft:apple":6,"minecraft:kelp":24,"minecraft:wheat_seeds":1446,"minecraft:mossy_stone_bricks":3,"minecraft:rabbit":1,"minecraft:oak_planks":12,"minecraft:pumpkin":2,"iceandfire:ash":8,"minecraft:gravel":2,"minecraft:spruce_log":1,"minecraft:white_bed":2,"minecraft:lily_of_the_valley":1,"minecraft:mossy_cobblestone":2,"waystones:waystone":1,"minecraft:iron_helmet":1,"minecraft:emerald":1,"minecraft:baked_potato":1,"tombstone:magic_scroll":1,"minecraft:oak_sapling":49,"minecraft:stripped_dark_oak_log":3,"minecraft:coal":6,"iceandfire:chared_gravel":9,"minecraft:diamond_pickaxe":1},"minecraft:dropped":{"minecraft:wheat_seeds":2024,"minecraft:coal":1,"minecraft:red_carpet":1,"minecraft:dirt":121,"minecraft:gold_ingot":14,"blue_skies:maple_planks":3,"minecraft:rotten_flesh":6,"minecraft:diamond_sword":1,"minecraft:diamond_pickaxe":2,"minecraft:andesite":2},"minecraft:used":{"minecraft:stone_sword":47,"minecraft:iron_shovel":131,"minecraft:shield":40,"minecraft:iron_sword":642,"minecraft:iron_chestplate":5,"minecraft:torch":5,"minecraft:wooden_axe":23,"minecraft:iron_axe":22,"minecraft:furnace":2,"tombstone:gift":5,"minecraft:cooked_beef":9,"minecraft:pumpkin":1,"minecraft:light_gray_bed":1,"minecraft:water_bucket":1,"minecraft:stone_pickaxe":22,"minecraft:baked_potato":10,"minecraft:oak_planks":198,"minecraft:wooden_pickaxe":7,"minecraft:crafting_table":7,"minecraft:white_bed":6,"minecraft:oak_log":1,"minecraft:diamond_pickaxe":85,"minecraft:apple":6,"minecraft:bread":33,"minecraft:stone_axe":150,"minecraft:diamond_sword":254,"minecraft:cobblestone":3,"minecraft:cooked_porkchop":9,"minecraft:andesite":2,"minecraft:bucket":1,"minecraft:oak_boat":1},"minecraft:mined":{"minecraft:red_carpet":1,"minecraft:white_bed":1,"minecraft:farmland":9,"minecraft:mossy_cobblestone":2,"minecraft:carved_pumpkin":1,"biomesoplenty:bush":6,"minecraft:grass_block":93,"minecraft:infested_cobblestone":1,"minecraft:light_gray_bed":1,"iceandfire:chared_dirt":16,"iceandfire:chared_grass":1,"blue_skies:maple_planks":1,"minecraft:hay_block":14,"minecraft:smooth_stone":1,"minecraft:tall_seagrass":2,"biomesoplenty:tall_lavender":1,"minecraft:iron_ore":3,"biomesoplenty:lavender":10,"iceandfire:chared_gravel":10,"minecraft:andesite":2,"minecraft:pumpkin":2,"iceandfire:gold_pile":60,"minecraft:iron_bars":2,"minecraft:stone":85,"biomesoplenty:jacaranda_leaves":2,"minecraft:kelp_plant":1,"minecraft:lily_of_the_valley":1,"minecraft:stripped_dark_oak_log":3,"minecraft:crafting_table":1,"minecraft:emerald_ore":1,"minecraft:campfire":6,"biomesoplenty:high_grass_plant":1,"minecraft:tall_grass":4,"minecraft:cobblestone":2,"minecraft:oak_planks":23,"minecraft:wall_torch":1,"minecraft:spruce_stairs":1,"minecraft:cobblestone_wall":4,"minecraft:birch_log":6,"minecraft:wheat":486,"minecraft:spruce_log":1,"iceandfire:ash":9,"minecraft:smooth_stone_slab":3,"minecraft:grass":32,"minecraft:oak_log":110,"minecraft:coal_ore":6,"minecraft:gravel":5,"minecraft:dirt":69,"minecraft:cracked_stone_bricks":2,"minecraft:mossy_stone_bricks":3,"minecraft:oak_leaves":58}},"DataVersion":3465}