{"stats":{"minecraft:killed_by":{"minecraft:player":2,"minecraft:creeper":1,"iceandfire:siren":4,"minecraft:enderman":1,"enemyexpansion:slugger":1,"minecraft:ravager":1,"minecraft:drowned":4,"iceandfire:sea_serpent":2,"twilightforest:winter_wolf":2,"majruszsdifficulty:creeperling":1,"enemyexpansion:sprinter":1,"irons_spellbooks:necromancer":1,"minecraft:skeleton":1,"minecraft:witch":1,"enemyexpansion:direwolf":1,"mythicmounts:dragon":4,"twilightforest:redcap":3,"iceandfire:fire_dragon":5,"minecraft:vex":1},"minecraft:crafted":{"minecraft:saddle":1,"minecraft:oak_planks":356,"minecraft:furnace":2,"minecraft:iron_boots":1,"minecraft:stone_pickaxe":1,"minecraft:wheat":126,"minecraft:cooked_beef":9,"minecraft:diamond_sword":2,"minecraft:cooked_porkchop":10,"minecraft:crafting_table":8,"minecraft:iron_helmet":1,"minecraft:wooden_pickaxe":1,"minecraft:baked_potato":23,"minecraft:iron_sword":1,"minecraft:stone_axe":2,"minecraft:bread":42,"minecraft:air":0,"minecraft:oak_boat":2,"minecraft:iron_chestplate":1,"minecraft:diamond_pickaxe":2,"minecraft:shield":2,"minecraft:stick":40,"minecraft:wooden_axe":1,"minecraft:stone_sword":1,"minecraft:iron_leggings":1,"minecraft:white_bed":4,"minecraft:torch":12},"minecraft:used":{"minecraft:stone_sword":47,"minecraft:iron_shovel":131,"minecraft:shield":66,"minecraft:iron_sword":642,"minecraft:iron_chestplate":5,"minecraft:torch":5,"minecraft:wooden_axe":23,"minecraft:iron_axe":22,"minecraft:furnace":2,"tombstone:gift":5,"minecraft:cooked_beef":12,"minecraft:pumpkin":1,"minecraft:light_gray_bed":1,"minecraft:water_bucket":1,"minecraft:oak_planks":266,"minecraft:stone_pickaxe":22,"minecraft:gray_carpet":1,"minecraft:baked_potato":14,"minecraft:wooden_pickaxe":7,"minecraft:crafting_table":9,"minecraft:red_bed":1,"minecraft:crossbow":9,"minecraft:white_bed":6,"minecraft:oak_log":1,"minecraft:diamond_pickaxe":262,"minecraft:apple":6,"minecraft:bread":101,"tombstone:grave_key":6,"minecraft:stone_axe":150,"minecraft:diamond_sword":555,"minecraft:cobblestone":21,"minecraft:cooked_porkchop":9,"minecraft:stripped_oak_wood":4,"minecraft:bucket":1,"minecraft:andesite":2,"minecraft:oak_boat":2},"minecraft:dropped":{"minecraft:wheat_seeds":2024,"minecraft:iron_helmet":1,"minecraft:coal":14,"irons_spellbooks:scroll":1,"minecraft:dirt":121,"minecraft:red_carpet":1,"artifacts:charm_of_sinking":1,"minecraft:iron_leggings":1,"minecraft:gold_ingot":14,"blue_skies:maple_planks":3,"minecraft:experience_bottle":6,"minecraft:rotten_flesh":6,"iceandfire:troll_tusk":1,"minecraft:diamond_sword":1,"minecraft:diamond_pickaxe":2,"minecraft:andesite":2,"minecraft:charcoal":12,"minecraft:iron_chestplate":1,"tombstone:scroll_of_knowledge":1,"waystones:waystone":1,"artifacts:scarf_of_invisibility":1},"minecraft:mined":{"minecraft:red_carpet":1,"minecraft:white_bed":1,"minecraft:farmland":9,"minecraft:mossy_cobblestone":3,"minecraft:cobblestone_stairs":4,"minecraft:carved_pumpkin":1,"biomesoplenty:bush":6,"minecraft:spruce_fence":2,"minecraft:grass_block":98,"minecraft:infested_cobblestone":1,"minecraft:light_gray_bed":1,"iceandfire:chared_dirt":16,"minecraft:cherry_wood":1,"minecraft:kelp":2,"twilightforest:nagastone_pillar":2,"minecraft:spawner":7,"iceandfire:chared_grass":1,"blue_skies:maple_planks":1,"minecraft:hay_block":14,"minecraft:smooth_stone":1,"minecraft:tall_seagrass":4,"biomesoplenty:tall_lavender":1,"minecraft:mossy_cobblestone_stairs":1,"minecraft:iron_ore":41,"minecraft:potted_torchflower":1,"biomesoplenty:lavender":10,"iceandfire:chared_gravel":10,"minecraft:andesite":3,"minecraft:pumpkin":2,"minecraft:big_dripleaf_stem":1,"minecraft:cobblestone_slab":1,"minecraft:bookshelf":7,"twilightforest:firefly_jar":1,"iceandfire:gold_pile":60,"minecraft:vine":1,"twilightforest:mossy_nagastone_pillar":1,"minecraft:oak_stairs":1,"minecraft:iron_bars":2,"biomesoplenty:barley":1,"minecraft:azalea_leaves":1,"minecraft:stone":110,"biomesoplenty:jacaranda_leaves":2,"minecraft:oak_slab":1,"minecraft:mangrove_stairs":1,"twilightforest:twilight_oak_stairs":1,"minecraft:red_bed":1,"minecraft:blackstone":1,"minecraft:kelp_plant":16,"minecraft:lily_of_the_valley":1,"minecraft:stripped_dark_oak_log":3,"minecraft:oak_fence":1,"minecraft:cornflower":2,"minecraft:crafting_table":2,"minecraft:emerald_ore":1,"minecraft:mossy_cobblestone_wall":1,"minecraft:poppy":1,"minecraft:campfire":6,"biomesoplenty:high_grass_plant":1,"minecraft:tall_grass":7,"minecraft:cobblestone":13,"minecraft:deepslate_coal_ore":1,"minecraft:oak_planks":34,"minecraft:wall_torch":1,"minecraft:spruce_stairs":1,"minecraft:cobblestone_wall":5,"minecraft:beehive":1,"minecraft:birch_log":6,"minecraft:wheat":486,"minecraft:spruce_log":1,"minecraft:stripped_oak_wood":4,"minecraft:birch_leaves":4,"iceandfire:ash":9,"twilightforest:twilight_oak_planks":1,"minecraft:smooth_stone_slab":3,"minecraft:grass":53,"minecraft:oak_log":110,"minecraft:coal_ore":88,"minecraft:oak_fence_gate":1,"minecraft:gravel":18,"minecraft:sand":1,"minecraft:dirt":85,"minecraft:cracked_stone_bricks":5,"minecraft:stone_bricks":3,"minecraft:mossy_stone_bricks":4,"minecraft:oak_leaves":72,"minecraft:suspicious_gravel":1},"minecraft:killed":{"twilightforest:hostile_wolf":1,"minecraft:spider":3,"dungeonsmod:piranha":3,"enemyexpansion:direwolf":3,"minecraft:skeleton":2,"twilightforest:swarm_spider":4,"twilightforest:hedge_spider":3,"minecraft:chicken":1,"minecraft:silverfish":7,"minecraft:drowned":18,"minecraft:pig":7,"enemyexpansion:ladybug":1,"mythicmounts:firebird":1,"minecraft:rabbit":1,"enemyexpansion:sprinter":1,"minecraft:creeper":1,"twilightforest:skeleton_druid":7,"minecraft:sheep":11,"minecraft:pillager":7,"minecraft:zombie":3,"minecraft:cow":11},"minecraft:picked_up":{"sophisticatedbackpacks:gold_backpack":1,"minecraft:charcoal":12,"minecraft:crafting_table":2,"minecraft:wheat":532,"minecraft:allium":1,"minecraft:chicken":4,"minecraft:flower_pot":1,"minecraft:cornflower":2,"minecraft:string":7,"minecraft:red_bed":1,"minecraft:iron_leggings":1,"minecraft:smooth_stone_slab":3,"biomesoplenty:tall_lavender":2,"minecraft:armor_stand":1,"minecraft:blackstone":1,"minecraft:cracked_stone_bricks":2,"minecraft:gold_nugget":804,"minecraft:smooth_stone":1,"minecraft:beef":30,"minecraft:cobblestone_slab":1,"minecraft:poppy":1,"alexsmobs:raccoon_tail":1,"minecraft:birch_sapling":2,"minecraft:egg":4,"minecraft:furnace":1,"minecraft:beehive":1,"minecraft:stick":23,"minecraft:raw_iron":44,"minecraft:big_dripleaf":3,"minecraft:copper_ingot":1,"minecraft:oak_fence":1,"iceandfire:chared_grass":1,"minecraft:torch":1,"blue_skies:maple_planks":3,"minecraft:spruce_fence":1,"minecraft:porkchop":13,"iceandfire:rotten_egg":1,"tombstone:grave_dust":9,"minecraft:arrow":7,"minecraft:rotten_flesh":16,"minecraft:light_gray_bed":1,"minecraft:tropical_fish":3,"iceandfire:chared_dirt":15,"minecraft:hay_block":14,"minecraft:carved_pumpkin":1,"minecraft:mutton":20,"minecraft:iron_bars":2,"minecraft:cod":3,"minecraft:cobblestone":121,"minecraft:white_wool":28,"minecraft:birch_log":7,"minecraft:nautilus_shell":1,"biomesoplenty:lavender":29,"minecraft:feather":2,"minecraft:lilac":1,"minecraft:andesite":5,"minecraft:leather":13,"minecraft:torchflower":1,"doggytalents:rice_grains":5,"minecraft:potato":5,"minecraft:flint":1,"minecraft:oak_log":115,"minecraft:cobblestone_wall":5,"minecraft:cobblestone_stairs":3,"minecraft:dirt":176,"minecraft:red_carpet":1,"minecraft:bone":12,"minecraft:apple":6,"minecraft:stone_bricks":1,"minecraft:gray_carpet":1,"minecraft:kelp":36,"minecraft:wheat_seeds":1449,"minecraft:oak_fence_gate":1,"minecraft:stripped_oak_wood":4,"minecraft:mossy_stone_bricks":3,"minecraft:rabbit":1,"minecraft:oak_planks":23,"minecraft:book":21,"minecraft:oak_slab":2,"twilightforest:nagastone_pillar":2,"minecraft:pumpkin":2,"iceandfire:ash":8,"minecraft:gravel":6,"minecraft:white_bed":2,"minecraft:spruce_log":1,"minecraft:lily_of_the_valley":1,"minecraft:spider_eye":3,"minecraft:mossy_cobblestone":3,"waystones:waystone":1,"minecraft:cherry_wood":1,"minecraft:iron_helmet":1,"minecraft:crossbow":1,"minecraft:mossy_cobblestone_stairs":1,"minecraft:emerald":1,"tombstone:magic_scroll":1,"minecraft:baked_potato":1,"minecraft:oak_sapling":49,"minecraft:coal":90,"twilightforest:torchberries":8,"minecraft:stripped_dark_oak_log":3,"iceandfire:chared_gravel":9,"minecraft:diamond_pickaxe":1},"minecraft:broken":{"minecraft:iron_boots":2,"minecraft:iron_chestplate":1,"minecraft:iron_leggings":1,"minecraft:shield":1,"minecraft:stone_axe":1,"minecraft:iron_helmet":2},"minecraft:custom":{"minecraft:interact_with_smithing_table":1,"minecraft:mob_kills":98,"minecraft:interact_with_crafting_table":30,"minecraft:open_barrel":15,"minecraft:leave_game":9,"minecraft:time_since_death":6364,"minecraft:climb_one_cm":11392,"minecraft:sprint_one_cm":819597,"minecraft:walk_one_cm":1001650,"minecraft:damage_blocked_by_shield":3611,"minecraft:drop":50,"minecraft:play_time":449045,"minecraft:deaths":39,"minecraft:sneak_time":9628,"minecraft:walk_under_water_one_cm":196068,"minecraft:boat_one_cm":275538,"minecraft:jump":7792,"minecraft:interact_with_brewingstand":2,"minecraft:interact_with_blast_furnace":1,"minecraft:walk_on_water_one_cm":186779,"minecraft:total_world_time":449045,"minecraft:interact_with_furnace":20,"tombstone:raider_killed":7,"minecraft:sleep_in_bed":20,"minecraft:waystone_activated":3,"minecraft:time_since_rest":6094,"minecraft:damage_taken":18780,"minecraft:trigger_trapped_chest":2,"minecraft:damage_dealt":17447,"minecraft:swim_one_cm":563716,"minecraft:fly_one_cm":9399905,"minecraft:open_chest":158,"minecraft:crouch_one_cm":11345,"tombstone:undead_killed":31,"minecraft:interact_with_smoker":1,"minecraft:fall_one_cm":168918,"minecraft:horse_one_cm":628882}},"DataVersion":3465}