{
  "iceandfire:iceandfire/root": {
    "criteria": {
      "tick": "2024-09-26 03:37:12 +0000"
    },
    "done": true
  },
  "explorerscompass:explorers_compass_cracked_stone_bricks": {
    "criteria": {
      "has_recipe": "2024-09-26 03:37:12 +0000"
    },
    "done": true
  },
  "dungeons_arise:wda_root": {
    "criteria": {
      "WDA": "2024-09-26 03:37:12 +0000"
    },
    "done": true
  },
  "create:root": {
    "criteria": {
      "0": "2024-09-26 03:37:12 +0000"
    },
    "done": true
  },
  "majruszsdifficulty:game_stage_normal": {
    "criteria": {
      "is_triggered": "2024-09-26 03:37:12 +0000"
    },
    "done": true
  },
  "undergarden:undergarden/root": {
    "criteria": {
      "tick": "2024-09-26 03:37:12 +0000"
    },
    "done": true
  },
  "mca:recipes/building_blocks/headstones": {
    "criteria": {
      "has_the_upright_recipe": "2024-09-26 03:37:12 +0000"
    },
    "done": true
  },
  "mowziesmobs:root": {
    "criteria": {
      "custom_test_name": "2024-09-26 03:37:12 +0000"
    },
    "done": true
  },
  "betterdungeons:root": {
    "criteria": {
      "always": "2024-09-26 03:37:12 +0000"
    },
    "done": true
  },
  "explorerscompass:explorers_compass_cobweb": {
    "criteria": {
      "has_recipe": "2024-09-26 03:37:12 +0000"
    },
    "done": true
  },
  "betterdeserttemples:root": {
    "criteria": {
      "always": "2024-09-26 03:37:12 +0000"
    },
    "done": true
  },
  "irons_spellbooks:grant_patchouli": {
    "criteria": {
      "tick": "2024-09-26 03:37:12 +0000"
    },
    "done": true
  },
  "immersivecaves:immersive_caves": {
    "criteria": {
      "immersive_caves_0": "2024-09-26 03:37:12 +0000"
    },
    "done": true
  },
  "mythicmounts:summoning_staff": {
    "criteria": {
      "has_the_recipe": "2024-09-26 03:37:12 +0000"
    },
    "done": true
  },
  "explorerscompass:explorers_compass": {
    "criteria": {
      "has_recipe": "2024-09-26 03:37:12 +0000"
    },
    "done": true
  },
  "minecraft:adventure/adventuring_time": {
    "criteria": {
      "minecraft:deep_ocean": "2024-09-27 04:04:44 +0000",
      "minecraft:cherry_grove": "2024-09-26 06:03:22 +0000",
      "minecraft:sunflower_plains": "2024-09-27 04:44:47 +0000",
      "minecraft:beach": "2024-09-26 04:49:48 +0000",
      "minecraft:river": "2024-09-26 03:40:14 +0000",
      "minecraft:stony_shore": "2024-09-26 03:40:09 +0000",
      "minecraft:cold_ocean": "2024-09-28 05:11:04 +0000",
      "minecraft:forest": "2024-09-26 03:37:13 +0000",
      "minecraft:ocean": "2024-09-26 05:35:11 +0000",
      "minecraft:flower_forest": "2024-09-27 04:39:05 +0000",
      "minecraft:old_growth_birch_forest": "2024-09-26 05:11:38 +0000",
      "minecraft:meadow": "2024-09-26 03:48:43 +0000",
      "minecraft:plains": "2024-09-26 03:49:21 +0000"
    },
    "done": false
  },
  "tombstone:adventure/root": {
    "criteria": {
      "auto": "2024-09-26 03:37:13 +0000"
    },
    "done": true
  },
  "mca:recipes/misc/family_tree": {
    "criteria": {
      "has_item": "2024-09-26 03:37:14 +0000"
    },
    "done": true
  },
  "minecraft:story/mine_stone": {
    "criteria": {
      "get_stone": "2024-09-26 03:41:04 +0000"
    },
    "done": true
  },
  "minecraft:story/upgrade_tools": {
    "criteria": {
      "stone_pickaxe": "2024-09-26 03:41:31 +0000"
    },
    "done": true
  },
  "minecraft:husbandry/balanced_diet": {
    "criteria": {
      "cooked_porkchop": "2024-09-26 05:03:59 +0000",
      "cooked_beef": "2024-09-26 04:03:11 +0000",
      "baked_potato": "2024-09-26 05:00:33 +0000",
      "apple": "2024-09-26 03:43:44 +0000",
      "bread": "2024-09-26 04:48:31 +0000"
    },
    "done": false
  },
  "minecraft:husbandry/root": {
    "criteria": {
      "consumed_item": "2024-09-26 03:43:44 +0000"
    },
    "done": true
  },
  "majruszsdifficulty:bleeding_inflicted": {
    "criteria": {
      "bleeding_applied": "2024-09-26 03:44:52 +0000"
    },
    "done": true
  },
  "minecraft:adventure/root": {
    "criteria": {
      "killed_something": "2024-09-26 03:44:54 +0000"
    },
    "done": true
  },
  "biomesoplenty:biomesoplenty/root": {
    "criteria": {
      "lavender_field": "2024-09-26 03:50:08 +0000"
    },
    "done": true
  },
  "biomesoplenty:biomesoplenty/all_biomes": {
    "criteria": {
      "shrubland": "2024-09-26 05:16:12 +0000",
      "rocky_shrubland": "2024-09-26 05:12:52 +0000",
      "highland": "2024-09-28 04:10:41 +0000",
      "clover_patch": "2024-09-26 05:01:16 +0000",
      "orchard": "2024-09-26 04:43:57 +0000",
      "lavender_forest": "2024-09-26 03:55:45 +0000",
      "coniferous_forest": "2024-09-28 05:23:24 +0000",
      "redwood_forest": "2024-09-26 05:00:24 +0000",
      "dune_beach": "2024-09-26 05:34:47 +0000",
      "pasture": "2024-09-27 04:43:15 +0000",
      "lavender_field": "2024-09-26 03:50:08 +0000",
      "fir_clearing": "2024-09-28 05:32:51 +0000",
      "grassland": "2024-09-26 05:01:29 +0000",
      "prairie": "2024-09-27 04:43:34 +0000"
    },
    "done": false
  },
  "mca:recipes/misc/bouquet": {
    "criteria": {
      "has_item": "2024-09-26 03:50:36 +0000"
    },
    "done": true
  },
  "majruszsdifficulty:bleeding": {
    "criteria": {
      "bleeding_applied": "2024-09-26 03:50:44 +0000"
    },
    "done": true
  },
  "tombstone:adventure/first_grave": {
    "criteria": {
      "coded_trigger": "2024-09-26 03:50:44 +0000"
    },
    "done": true
  },
  "tombstone:recipes/from_grave_key": {
    "criteria": {
      "has_ingredient": "2024-09-26 03:50:47 +0000"
    },
    "done": true
  },
  "tombstone:adventure/cancel_ghostly_shape": {
    "criteria": {
      "coded_trigger": "2024-09-26 03:51:17 +0000"
    },
    "done": true
  },
  "mca:recipes/misc/potions": {
    "criteria": {
      "has_item": "2024-09-26 03:54:12 +0000"
    },
    "done": true
  },
  "iceandfire:iceandfire/rotten_egg": {
    "criteria": {
      "bestiary": "2024-09-26 03:54:12 +0000"
    },
    "done": true
  },
  "tombstone:recipes/from_grave_dust": {
    "criteria": {
      "has_ingredient": "2024-09-26 03:55:22 +0000"
    },
    "done": true
  },
  "minecraft:story/root": {
    "criteria": {
      "crafting_table": "2024-09-26 03:56:52 +0000"
    },
    "done": true
  },
  "mca:root": {
    "criteria": {
      "village_plains": "2024-09-26 04:06:32 +0000"
    },
    "done": true
  },
  "minecraft:story/mine_diamond": {
    "criteria": {
      "diamond": "2024-09-26 04:06:41 +0000"
    },
    "done": true
  },
  "artifacts:amateur_archaeologist": {
    "criteria": {
      "find_artifact": "2024-09-26 04:06:43 +0000"
    },
    "done": true
  },
  "mca:recipes/misc/comb": {
    "criteria": {
      "has_item": "2024-09-26 04:06:45 +0000"
    },
    "done": true
  },
  "minecraft:story/smelt_iron": {
    "criteria": {
      "iron": "2024-09-26 04:06:45 +0000"
    },
    "done": true
  },
  "mca:recipes/misc/needle_and_thread": {
    "criteria": {
      "has_item": "2024-09-26 04:06:45 +0000"
    },
    "done": true
  },
  "mca:recipes/misc/whistle": {
    "criteria": {
      "has_item": "2024-09-26 04:06:45 +0000"
    },
    "done": true
  },
  "minecraft:adventure/sleep_in_bed": {
    "criteria": {
      "slept_in_bed": "2024-09-26 04:08:49 +0000"
    },
    "done": true
  },
  "dungeons_arise:find_illager_windmill": {
    "criteria": {
      "location0": "2024-09-26 04:10:11 +0000"
    },
    "done": true
  },
  "irons_spellbooks:irons_spellbooks/ink_root": {
    "criteria": {
      "requirement": "2024-09-26 04:11:45 +0000"
    },
    "done": true
  },
  "blue_skies:get_moonstone_shard": {
    "criteria": {
      "obtain_moonstone_shard": "2024-09-26 04:15:23 +0000"
    },
    "done": true
  },
  "blue_skies:recipes/blue_skies_tools/maple_axe": {
    "criteria": {
      "has_resource": "2024-09-26 04:16:07 +0000"
    },
    "done": true
  },
  "blue_skies:recipes/blue_skies_tools/maple_pickaxe": {
    "criteria": {
      "has_resource": "2024-09-26 04:16:07 +0000"
    },
    "done": true
  },
  "blue_skies:recipes/blue_skies_tools/maple_sword": {
    "criteria": {
      "has_resource": "2024-09-26 04:16:07 +0000"
    },
    "done": true
  },
  "blue_skies:recipes/blue_skies_tools/maple_hoe": {
    "criteria": {
      "has_resource": "2024-09-26 04:16:07 +0000"
    },
    "done": true
  },
  "blue_skies:recipes/blue_skies_tools/maple_shovel": {
    "criteria": {
      "has_resource": "2024-09-26 04:16:07 +0000"
    },
    "done": true
  },
  "minecraft:adventure/kill_all_mobs": {
    "criteria": {
      "minecraft:pillager": "2024-09-26 05:45:52 +0000",
      "minecraft:skeleton": "2024-09-26 05:31:21 +0000",
      "minecraft:spider": "2024-09-26 04:27:03 +0000",
      "minecraft:creeper": "2024-09-27 03:25:18 +0000",
      "minecraft:silverfish": "2024-09-26 05:04:45 +0000",
      "minecraft:zombie": "2024-09-27 04:31:33 +0000",
      "minecraft:drowned": "2024-09-26 04:51:37 +0000"
    },
    "done": false
  },
  "minecraft:adventure/kill_a_mob": {
    "criteria": {
      "minecraft:spider": "2024-09-26 04:27:03 +0000"
    },
    "done": true
  },
  "minecraft:story/iron_tools": {
    "criteria": {
      "iron_pickaxe": "2024-09-26 04:32:35 +0000"
    },
    "done": true
  },
  "minecraft:story/obtain_armor": {
    "criteria": {
      "iron_chestplate": "2024-09-26 04:35:47 +0000"
    },
    "done": true
  },
  "minecraft:story/form_obsidian": {
    "criteria": {
      "obsidian": "2024-09-26 04:35:48 +0000"
    },
    "done": true
  },
  "minecraft:story/deflect_arrow": {
    "criteria": {
      "deflected_projectile": "2024-09-26 04:48:58 +0000"
    },
    "done": true
  },
  "immersivecaves:ahha_bug": {
    "criteria": {
      "ahha_bug_0": "2024-09-26 05:02:52 +0000"
    },
    "done": true
  },
  "tombstone:adventure/chain_death": {
    "criteria": {
      "coded_trigger": "2024-09-26 05:15:17 +0000"
    },
    "done": true
  },
  "tombstone:adventure/first_knowledge": {
    "criteria": {
      "coded_trigger": "2024-09-26 05:15:17 +0000"
    },
    "done": true
  },
  "immersivecaves:is_this_real": {
    "criteria": {
      "is_this_real_0": "2024-09-26 05:26:07 +0000"
    },
    "done": true
  },
  "alexsmobs:alexsmobs/seagull_steal": {
    "criteria": {
      "ex": "2024-09-26 05:34:41 +0000"
    },
    "done": true
  },
  "tombstone:adventure/ambush": {
    "criteria": {
      "coded_trigger": "2024-09-26 05:45:52 +0000"
    },
    "done": true
  },
  "create:copper": {
    "criteria": {
      "0": "2024-09-27 04:02:04 +0000"
    },
    "done": true
  },
  "ae2:main/root": {
    "criteria": {
      "copper": "2024-09-27 04:02:04 +0000"
    },
    "done": true
  },
  "tombstone:adventure/find_grave_dust": {
    "criteria": {
      "from_undead": "2024-09-27 04:03:17 +0000"
    },
    "done": true
  },
  "tombstone:adventure/ashes_and_bones": {
    "criteria": {
      "coded_trigger": "2024-09-27 04:03:36 +0000"
    },
    "done": true
  },
  "tombstone:adventure/create_magic_scroll": {
    "criteria": {
      "has_magic_scroll": "2024-09-27 04:07:29 +0000"
    },
    "done": true
  },
  "minecraft:adventure/voluntary_exile": {
    "criteria": {
      "voluntary_exile": "2024-09-28 03:50:33 +0000"
    },
    "done": true
  },
  "tombstone:adventure/choose_knowledge": {
    "criteria": {
      "coded_trigger": "2024-09-28 03:52:08 +0000"
    },
    "done": true
  },
  "tombstone:adventure/enchant_grave_key": {
    "criteria": {
      "has_upgraded_grave_key": "2024-09-28 04:01:02 +0000"
    },
    "done": true
  },
  "tombstone:adventure/teleport_to_grave": {
    "criteria": {
      "coded_trigger": "2024-09-28 04:01:09 +0000"
    },
    "done": true
  },
  "minecraft:adventure/shoot_arrow": {
    "criteria": {
      "shot_arrow": "2024-09-28 04:09:02 +0000"
    },
    "done": true
  },
  "minecraft:adventure/ol_betsy": {
    "criteria": {
      "shot_crossbow": "2024-09-28 04:09:02 +0000"
    },
    "done": true
  },
  "dungeons_arise:find_illager_corsair_or_illager_galley": {
    "criteria": {
      "location1": "2024-09-28 04:38:40 +0000"
    },
    "done": true
  },
  "majruszsdifficulty:creeperling": {
    "criteria": {
      "encountered_creeperling": "2024-09-28 05:04:47 +0000"
    },
    "done": true
  },
  "immersivecaves:santa_is_not_impressed": {
    "criteria": {
      "santa_is_not_impressed_0": "2024-09-28 05:05:37 +0000"
    },
    "done": true
  },
  "dungeons_arise:find_bathhouse": {
    "criteria": {
      "location0": "2024-09-28 05:51:01 +0000"
    },
    "done": true
  },
  "minecraft:husbandry/tame_an_animal": {
    "criteria": {
      "tamed_animal": "2024-09-28 05:53:12 +0000"
    },
    "done": true
  },
  "majruszsdifficulty:game_stage_expert": {
    "criteria": {
      "is_triggered": "2024-09-28 06:12:35 +0000"
    },
    "done": true
  },
  "twilightforest:root": {
    "criteria": {
      "in_tf": "2024-09-28 06:18:38 +0000"
    },
    "done": true
  },
  "twilightforest:twilight_hunter": {
    "criteria": {
      "skeleton_druid": "2024-09-28 06:22:50 +0000"
    },
    "done": true
  },
  "DataVersion": 3465
}